train_ep_lens_Average,train_ep_lens_Std,train_ep_lens_Median,train_ep_lens_Min,train_ep_lens_Max,eval_ep_lens_Average,eval_ep_lens_Std,eval_ep_lens_Median,eval_ep_lens_Min,eval_ep_lens_Max,train_returns_Average,train_returns_Std,train_returns_Median,train_returns_Min,train_returns_Max,eval_returns_Average,eval_returns_Std,eval_returns_Median,eval_returns_Min,eval_returns_Max,Train_EnvstepsSoFar,TimeSinceStart,reward_Average,reward_Std,reward_Median,reward_Min,reward_Max,eval_reward_Average,eval_reward_Std,eval_reward_Median,eval_reward_Min,eval_reward_Max,ee_pose_success_Average,ee_pose_success_Std,ee_pose_success_Median,ee_pose_success_Min,ee_pose_success_Max,eval_ee_pose_success_Average,eval_ee_pose_success_Std,eval_ee_pose_success_Median,eval_ee_pose_success_Min,eval_ee_pose_success_Max,euclidean_distance_Average,euclidean_distance_Std,euclidean_distance_Median,euclidean_distance_Min,euclidean_distance_Max,eval_euclidean_distance_Average,eval_euclidean_distance_Std,eval_euclidean_distance_Median,eval_euclidean_distance_Min,eval_euclidean_distance_Max,target_coord_Average,target_coord_Std,target_coord_Median,target_coord_Min,target_coord_Max,eval_target_coord_Average,eval_target_coord_Std,eval_target_coord_Median,eval_target_coord_Min,eval_target_coord_Max,success_Average,success_Std,success_Median,success_Min,success_Max,eval_success_Average,eval_success_Std,eval_success_Median,eval_success_Min,eval_success_Max,goal_relative_distance_Average,goal_relative_distance_Std,goal_relative_distance_Median,goal_relative_distance_Min,goal_relative_distance_Max,eval_goal_relative_distance_Average,eval_goal_relative_distance_Std,eval_goal_relative_distance_Median,eval_goal_relative_distance_Min,eval_goal_relative_distance_Max,Initial_DataCollection_AverageReturn,step
51.595238095238095,136.33171372721924,1.0,1,501,61.35294117647059,147.93825865442116,1.0,1,501,-29.095753,81.64037,-0.22846438,-349.3703,-0.0716617,-31.089144,75.94915,-0.2245802,-268.75012,-0.044503573,4421,72.1818835735321,-0.5639233,0.11326407,-0.5815727,-0.82249814,-0.0716617,-0.50672626,0.08208567,-0.51024795,-0.70298815,-0.044503573,0.04453161052145824,0.20627298947226072,0.0,False,True,0.0400287631831256,0.19602668517616384,0.0,False,True,0.2835012714749534,0.11948010484202497,0.26876155456636275,0.015658717684083782,0.6193377586308889,0.3328965825306354,0.14879536086868103,0.3072711316939659,0.008022573856032233,0.6784716042787969,0.19082448854022457,0.36090855985604037,0.3,-0.3,0.8,0.18056887184403964,0.34611184955549,0.2,-0.3,0.8,0.018920166128287955,0.13624314089878412,0.0,False,True,0.016059443911792905,0.12570416927467792,0.0,False,True,0.6354661,0.4702858,0.56819665,0.0017740317,1.3373513,0.612614,0.4438167,0.43743235,0.0014847778,1.3393216,-29.095753,0
24.84180790960452,82.22827433162101,1.0,1,501,21.623036649214658,82.08113910037045,1.0,1,501,-12.861754,46.552032,-0.2170151,-315.18457,-0.032619406,-11.150259,46.22955,-0.23071817,-339.84546,-0.039813627,46214,388.143185377121,-0.5177463,0.113186084,-0.5208287,-0.71159196,-0.032619406,-0.51566577,0.122805305,-0.5116743,-0.722081,-0.03923451,0.03729815783488742,0.18949143847945016,0.0,False,True,0.024213075060532687,0.15371012346831844,0.0,False,True,0.34763751222197814,0.15688363254512147,0.31936930014963694,0.020524389582190706,0.7270911117238414,0.35209665567451087,0.17133071091284524,0.2956832598165627,0.016035760605330185,0.7597727488526442,0.15431733757865213,0.3415363518677038,0.2,-0.3,0.8,0.1626876513317191,0.3763102481222916,0.1,-0.3,0.8,0.04002729133500114,0.1960232314889847,0.0,False,True,0.04600484261501211,0.2094955776883609,0.0,False,True,0.6210758,0.46096468,0.49202684,0.0015376173,1.3397498,0.6329661,0.450909,0.49716142,0.0017133243,1.339668,-29.095753,10
13.103975535168196,54.64946580375226,1.0,1,501,12.168639053254438,49.2095924277495,1.0,1,501,-5.873485,26.4363,-0.20961347,-277.29077,-0.031080749,-5.751358,27.577045,-0.21674672,-305.79202,-0.031700544,88800,794.2963874340057,-0.44822162,0.11258206,-0.45751944,-0.8695886,-0.031080749,-0.47263774,0.13035901,-0.46894303,-0.8035597,-0.031700544,0.02427071178529755,0.1538884152063844,0.0,False,True,0.024313153415998056,0.1540195571574214,0.0,False,True,0.33107514924548165,0.13984853699906274,0.317838262619899,0.02364462086923032,0.7391317960596316,0.3111163371266451,0.12530239628425252,0.2938592875029066,0.008636710122268739,0.7799226018460014,0.17290548424737454,0.3627237147003459,0.3,-0.3,0.8,0.18942377826404083,0.36528260350713376,0.2,-0.3,0.8,0.07584597432905485,0.26475151086845794,0.0,False,True,0.08169219547775347,0.2738952001692947,0.0,False,True,0.661518,0.4432151,0.566346,0.004444387,1.3372499,0.62388605,0.4590997,0.47790188,0.00013770536,1.3389643,-29.095753,20
9.174496644295303,34.026650604615156,1.0,1,501,13.774834437086092,54.69320480153504,1.0,1,501,-3.822307,15.59301,-0.21640661,-227.92497,-0.03374192,-6.4960246,31.016884,-0.22460139,-337.6134,-0.03220909,131136,1296.9703183174133,-0.4166231,0.10849469,-0.42378247,-0.68766534,-0.03374192,-0.47158638,0.13255942,-0.46379262,-0.75181794,-0.03220909,0.04291636186296025,0.20266856625389074,0.0,False,True,0.02716346153846154,0.1625595518439629,0.0,False,True,0.27230906187116044,0.11206931032783256,0.26484330664126804,0.011472619615140062,0.7836845622059633,0.3795123724026494,0.18370606906150122,0.35412719394195813,0.011518169459904817,0.7606772074664305,0.18933593432496137,0.3730257984762139,0.1,-0.3,0.8,0.15778846153846152,0.38802621028335693,0.0,-0.3,0.8,0.10899780541331383,0.3116364610060819,0.0,False,True,0.07211538461538461,0.25867886639066545,0.0,False,True,0.6548394,0.45181757,0.56398255,0.001261238,1.3396021,0.6226113,0.46343076,0.45959848,0.0012644865,1.3395557,-29.095753,30
8.287313432835822,39.646755380299936,1.0,1,501,7.956766917293233,40.04044021617484,1.0,1,501,-3.420437,18.294056,-0.21825787,-252.59027,-0.020150019,-3.4003766,20.129013,-0.2136012,-272.33966,-0.046357237,173635,1881.0076014995575,-0.41273168,0.11792577,-0.4090799,-0.8684741,-0.020150019,-0.42735657,0.11766903,-0.44010466,-0.85243046,-0.046357237,0.0929761368752814,0.29039899250346984,0.0,False,True,0.03071107961256792,0.17253379147749126,0.0,False,True,0.3000027941945584,0.1674355234663471,0.2677088868110781,0.009933441228823805,0.7694269298343012,0.336044888325969,0.16268042330116553,0.31284845490263696,0.01395318131328919,0.7491571200792124,0.14627044874681072,0.38418277045999705,0.0,-0.3,0.8,0.157177730529963,0.3825813297649673,0.1,-0.3,0.8,0.12066636650157586,0.32573915100411743,0.0,False,True,0.12567918733758562,0.3314874495478671,0.0,False,True,0.6753114,0.43998757,0.49372542,0.00045925006,1.3392867,0.6562273,0.46095014,0.5905242,0.00050766394,1.3399373,-29.095753,40
9.783333333333333,51.383369630680846,1.0,1,501,9.183035714285714,52.908550464107506,1.0,1,501,-4.3788443,26.495155,-0.22315606,-312.05402,-0.03447011,-4.0484986,25.847605,-0.22349666,-287.57867,-0.035291724,216232,2609.5051143169403,-0.447582,0.12357129,-0.46255967,-0.85635954,-0.03447011,-0.44086713,0.12744282,-0.42749768,-0.86966664,-0.035291724,0.042102701387198835,0.20082346457299058,0.0,False,True,0.02868254739912494,0.1669127283157935,0.0,False,True,0.2895211437228545,0.1586400593932805,0.25082059228726583,0.006336380650759149,0.804691578028048,0.3527183946797015,0.1475154457593471,0.3791775558600803,0.007974295804567646,0.8613090887300034,0.18519510018658228,0.3870488008221959,0.2,-0.3,0.8,0.19162210338680927,0.3701153785131639,0.2,-0.3,0.8,0.10172791433438792,0.30229016818210175,0.0,False,True,0.10841030627126884,0.31089791212782136,0.0,False,True,0.70154524,0.40625826,0.63369006,0.0009279959,1.3395764,0.69673645,0.45443776,0.6275393,0.00025811046,1.3398244,-29.095753,50
11.400523560209423,58.047185173203424,1.0,1,501,6.2254901960784315,39.06485120347476,1.0,1,501,-4.8135023,26.864523,-0.21579105,-251.4577,-0.032239337,-2.5922015,19.652327,-0.21456274,-278.28918,-0.022574747,259276,3422.3087224960327,-0.42221764,0.10058686,-0.43077493,-0.83924997,-0.032239337,-0.41638508,0.12796447,-0.42157668,-0.8776121,-0.022574747,0.014925373134328358,0.12125430454680536,0.0,False,True,0.10393700787401575,0.3051788103198067,0.0,False,True,0.303313857051367,0.13645096300109022,0.2626790675209372,0.01959382165679064,0.757603807267312,0.2926503025146064,0.1798264857096653,0.23957910899983909,0.008300629694224626,0.837748404008208,0.1773057787983161,0.3376197227419673,0.2,-0.3,0.8,0.1598050243719535,0.35294417516217047,0.1,-0.3,0.8,0.08771526980482204,0.28288036561042784,0.0,False,True,0.16040494938132732,0.3669812006020215,0.0,False,True,0.72794384,0.40893036,0.7232835,0.0015639178,1.3382215,0.704513,0.4446245,0.6604063,4.582107e-07,1.3399893,-29.095753,60
6.0256410256410255,37.39649606629449,1.0,1,501,8.70941883767535,52.59945948142816,1.0,1,501,-2.5760386,18.747786,-0.20952988,-268.83777,-0.0031613258,-4.3741446,31.578026,-0.22210023,-408.6715,-0.0108900685,301482,4240.985675573349,-0.4275128,0.13984767,-0.44006863,-0.8799566,-0.0031613258,-0.5022315,0.18601674,-0.47811234,-0.88844204,-0.0108900685,0.07375886524822695,0.2613780691747508,0.0,False,True,0.03244362632305568,0.17717516031900638,0.0,False,True,0.260713423279327,0.13667497586575672,0.23457425605142085,0.018486569952150613,0.8519539856477181,0.2796360982775054,0.1329746064015836,0.2521573744081467,0.01628025532447654,0.7710299476948643,0.16777777777777778,0.36035119168686597,0.1,-0.3,0.8,0.14233011198036508,0.3523297008060853,0.1,-0.3,0.8,0.16595744680851063,0.37204243394713865,0.0,False,True,0.1145881270133456,0.31852423480940817,0.0,False,True,0.7091544,0.40772203,0.63272035,0.0001651682,1.3390634,0.6894808,0.42730427,0.43316266,0.00047573075,1.3398935,-29.095753,70
8.100529100529101,46.85647848952831,1.0,1,501,8.762820512820513,54.15222042225131,1.0,1,501,-3.488028,22.858236,-0.2156547,-263.25635,-0.036658518,-4.317709,31.610126,-0.20880416,-378.5503,-0.029605342,344354,4987.437237739563,-0.43059263,0.1379158,-0.4186144,-0.8815235,-0.036658518,-0.4927305,0.19168548,-0.4662398,-0.9055493,-0.029605342,0.12366644894404528,0.3292006354028119,0.0,False,True,0.07388441843452817,0.2615827042201371,0.0,False,True,0.24558625362100997,0.14141903088683694,0.22504684909836495,0.010787000716162096,0.8152848109594332,0.300644566365799,0.13400442795369844,0.2886118614261272,0.02197511997587607,0.7985648165180375,0.15524348646491037,0.3465241816939344,0.0,-0.3,0.8,0.19471673575550677,0.37625150430411375,0.0,-0.3,0.8,0.12323100370128456,0.3287021804431156,0.0,False,True,0.1141185076810534,0.3179551444554763,0.0,False,True,0.7283652,0.41938543,0.6470317,0.00017122552,1.3392208,0.7313989,0.39610362,0.6424436,0.00084555894,1.3391272,-29.095753,80
8.462809917355372,52.94348949311587,1.0,1,501,8.342158859470468,52.66286961100003,1.0,1,501,-3.6651747,25.300413,-0.21117714,-246.93532,-0.023749517,-3.458417,24.253075,-0.22303988,-258.4284,-0.016374629,386347,5675.8020186424255,-0.43309194,0.12211255,-0.44567716,-0.8909872,-0.023749517,-0.414571,0.11191651,-0.42457217,-0.895224,-0.016374629,0.04736328125,0.21241469073308794,0.0,False,True,0.013427734375,0.11509748183411504,0.0,False,True,0.2866896902246597,0.15580938785777232,0.2569883005129051,0.025566560091159093,0.8721340789126981,0.3338830742401643,0.12865468896129278,0.3290829399565316,0.01618970574567329,0.8174000560215625,0.1665771484375,0.37176154112842424,0.1,-0.3,0.8,0.1827392578125,0.34335784882838094,0.2,-0.3,0.8,0.117919921875,0.3225132770910275,0.0,False,True,0.119384765625,0.3242407182351776,0.0,False,True,0.7518215,0.40058893,0.7136871,0.0020828918,1.3386307,0.68275565,0.4290838,0.498168,3.2868236e-05,1.3394293,-29.095753,90
7.71939736346516,49.27181976152643,1.0,1,501,6.318112633181126,43.24748282694694,1.0,1,501,-3.368514,24.539457,-0.2131801,-289.32538,-0.03504901,-2.7861989,21.90197,-0.21196376,-292.11313,-0.032048475,429209,6436.087923526764,-0.43637007,0.13999087,-0.4346695,-0.8733067,-0.03504901,-0.44098595,0.13779481,-0.45495763,-0.8552133,-0.032048475,0.027567699438887535,0.16373063667663024,0.0,False,True,0.05516742953505179,0.22830677662642188,0.0,False,True,0.15322436366593475,0.3623195912651928,0.0,-0.3,0.8,0.17741909580020876,0.36188455507307177,0.1,-0.3,0.8,0.297624224691764,0.1361501683784106,0.2650796235758758,0.008139870709895808,0.8264511227761248,0.2995493357223248,0.14286330873719272,0.2692634500573287,0.009349636533215728,0.7900572463186329,0.12905586728470358,0.3352617640055253,0.0,False,True,0.15827511443025777,0.3649987706586785,0.0,False,True,0.7068365,0.42963412,0.45448744,0.0001784265,1.3398185,0.7427775,0.42170554,0.71271604,4.9252063e-05,1.339493,-29.095753,100
6.122252747252747,42.731530286656195,1.0,1,501,7.787072243346008,52.0629582327527,1.0,1,501,-2.6964178,22.71181,-0.21355121,-321.65775,-0.024826717,-3.340568,24.72861,-0.21022534,-243.54617,-0.013784619,471577,7093.311760425568,-0.44042903,0.15576413,-0.43656462,-0.86984146,-0.024826717,-0.428989,0.120470285,-0.44547975,-0.87726164,-0.013784619,0.061251963203948843,0.2397919102213645,0.0,False,True,0.010009765625,0.09954682424433522,0.0,False,True,0.2734267042178064,0.1308514616240419,0.24523185479635887,0.010073262312012677,0.8843859995174018,0.3469974206790175,0.16603238357462693,0.29757498355397244,0.02200974129566957,0.8676984302398445,0.12973599581183157,0.3626179921716441,0.1,-0.3,0.8,0.12503255208333333,0.36060477843759714,-0.1,-0.3,0.8,0.16288983621269912,0.36926513167546593,0.0,False,True,0.12841796875,0.3345546204315882,0.0,False,True,0.716795,0.41943708,0.55381715,6.9350004e-05,1.3396585,0.7035124,0.42931262,0.5095584,0.00049681216,1.3398278,-29.095753,110
24.598837209302324,103.19735325858969,1.0,1,501,6.688417618270799,45.587151673022966,1.0,1,501,-11.183,48.636208,-0.22228149,-276.84906,-0.035713356,-2.7620652,21.093103,-0.21709199,-260.1761,-0.011780594,513589,7724.768100261688,-0.45461497,0.09468999,-0.46095055,-0.84534603,-0.035713356,-0.41296244,0.12337928,-0.42511988,-0.89177823,-0.011780594,0.0418340817773576,0.20020986833621104,0.0,False,True,0.03829268292682927,0.19190193683518306,0.0,False,True,0.27383463949375575,0.11564072870441448,0.2604904318603893,0.013400295559958149,0.5972057978105008,0.2747997008534128,0.12411121165624578,0.2522991962739056,0.016546258046026118,0.7051414419712173,0.14251949893642163,0.3804489076609695,-0.1,-0.3,0.8,0.15878861788617885,0.34208589593207545,0.1,-0.3,0.8,0.040652328054833375,0.1974834582403184,0.0,False,True,0.14926829268292682,0.356352731829645,0.0,False,True,0.69338405,0.4153535,0.4299295,0.0034116097,1.337861,0.70973384,0.4025646,0.5123372,2.9839575e-05,1.3397198,-29.095753,120
7.62756052141527,49.61106667750135,1.0,1,501,11.077669902912621,64.85157651973404,1.0,1,501,-3.3615842,24.230804,-0.2145883,-272.88678,-0.019589217,-5.1722503,32.73443,-0.21629822,-303.77942,-0.036448337,556592,8405.401618242264,-0.44071552,0.1279105,-0.46393165,-0.89618,-0.019589217,-0.4669077,0.12375196,-0.46432996,-0.88737804,-0.036448337,0.109619140625,0.31241444370201016,0.0,False,True,0.010955302366345312,0.1040926688888668,0.0,False,True,0.2877422742190466,0.16898912592697615,0.25791234703425936,0.008884437995180443,0.7620635839285388,0.3009580209844382,0.15666904394463846,0.24736977797977702,0.010787415243661792,0.8548377900994645,0.17276204427083333,0.3714319682646419,0.1,-0.3,0.8,0.1623721881390593,0.38899878142762817,0.0,-0.3,0.8,0.131103515625,0.33751353130765793,0.0,False,True,0.09005258545135846,0.28625708254099885,0.0,False,True,0.7087546,0.39688224,0.45681268,0.00025901198,1.3399091,0.73734707,0.39312068,0.7074659,0.00020063296,1.3392988,-29.095753,130
10.802597402597403,63.480173761466396,1.0,1,501,13.345794392523365,72.6559471534691,1.0,1,501,-4.9025173,31.276123,-0.21537113,-276.89743,-0.018908082,-5.889811,33.78777,-0.21418695,-245.92647,-0.044950776,599263,9038.072433233261,-0.45382762,0.120836385,-0.45368668,-0.86765695,-0.018908082,-0.44132337,0.09328367,-0.4545614,-0.84710723,-0.044950776,0.047126713152200045,0.21190985361627312,0.0,False,True,0.015172735760971055,0.12223961653448853,0.0,False,True,0.12810771820149072,0.3652660692873959,-0.1,-0.3,0.8,0.183994708994709,0.32806026595485,0.2,-0.3,0.8,0.3015325292539943,0.15249814176441157,0.267621005483678,0.011068593739765714,0.7509433254762844,0.3104710504465977,0.10743503449523654,0.3227676276164847,0.009087600915591196,0.72726186055557,0.0923298869920654,0.2894910688779497,0.0,False,True,0.07469654528478058,0.2629010677180663,0.0,False,True,0.6875844,0.41932812,0.42928657,0.0006838776,1.338902,0.7304999,0.3834931,0.67000926,0.00018794462,1.3397802,-29.095753,140
9.466367713004484,59.855000343987044,1.0,1,501,12.140449438202246,64.159102131458,1.0,1,501,-4.3684053,30.025951,-0.2153031,-290.1623,-0.03364207,-5.3761854,30.429907,-0.21754682,-254.47827,-0.025305368,642788,9643.532263040543,-0.4614658,0.12939885,-0.4623673,-0.8830509,-0.03364207,-0.4428325,0.107530594,-0.4464196,-0.86444634,-0.025305368,0.05352913311226907,0.22508612800552155,0.0,False,True,0.01897269782508098,0.13642849615208383,0.0,False,True,0.2931441215391766,0.13925533899760278,0.2603886150328869,0.008029756706943237,0.6297451311043136,0.32823892618794853,0.15013551731135155,0.31097170676030406,0.008390990610893758,0.7968578054621704,0.13687825675035525,0.3644735995357675,0.0,-0.3,0.8,0.1784976091315749,0.34936591528078215,0.2,-0.3,0.8,0.10563713879677877,0.307372630049601,0.0,False,True,0.08213789912077742,0.27457469775782767,0.0,False,True,0.71773887,0.41219556,0.6112083,0.00023867935,1.3395956,0.7058879,0.40351257,0.5750859,0.0018462129,1.3398789,-29.095753,150
9.64516129032258,59.79179225685871,1.0,1,501,9.954869358669834,58.790100127180686,1.0,1,501,-4.264035,28.83287,-0.2111837,-291.61615,-0.02495388,-4.4531364,29.398579,-0.21867836,-347.55792,-0.029296469,684993,10314.12850689888,-0.44209057,0.12602422,-0.44267112,-0.8376671,-0.02495388,-0.44733247,0.13960168,-0.4340903,-0.89017475,-0.029296469,0.04634495938843765,0.21023107317359563,0.0,False,True,0.08255786208542114,0.2752127567779257,0.0,False,True,0.24942694497065968,0.12487944468925817,0.22324778840117718,0.0220499799745117,0.6165455800883362,0.2397077981842802,0.12508760571252212,0.2092262916567762,0.009081576204821017,0.6434563853981239,0.14635292243987896,0.3552271562323243,0.1,-0.3,0.8,0.13430366658713114,0.3589926905899327,0.1,-0.3,0.8,0.10320114667940755,0.30422141608286385,0.0,False,True,0.10045335242185637,0.300603520287216,0.0,False,True,0.74531955,0.38525504,0.69429636,0.0009601526,1.339995,0.7542645,0.3835017,0.7083161,0.00049747154,1.3397466,-29.095753,160
13.55625,71.7281540675452,1.0,1,501,9.722095671981776,53.465763973296504,1.0,1,501,-5.779714,32.062695,-0.21562332,-232.38025,-0.0058461144,-4.0915213,24.538773,-0.21926953,-233.93237,-0.028208934,728597,10995.276129961014,-0.42635053,0.08565676,-0.44236907,-0.8135812,-0.0058461144,-0.42084768,0.109853216,-0.43206283,-0.8649702,-0.028208934,0.0995850622406639,0.29944595108163846,0.0,False,True,0.042877225866916585,0.20258027882514626,0.0,False,True,0.24036511936134303,0.11103355938574361,0.2438858972507364,0.008936351065715819,0.6219314569102867,0.2577082378052032,0.1190016798092137,0.25147764696282215,0.02394970804415357,0.7993525981867403,0.16131857999077914,0.33805414276405255,0.1,-0.3,0.8,0.14672758512964698,0.344850193833336,0.0,-0.3,0.8,0.0735361917934532,0.26101459784841474,0.0,False,True,0.1028584817244611,0.30377395290215353,0.0,False,True,0.71135706,0.39729726,0.43107438,0.00042644143,1.3397655,0.7235287,0.38927165,0.69727206,0.00051872805,1.3398879,-29.095753,170
7.873873873873874,51.442317406277844,1.0,1,501,9.266219239373601,56.45792557275533,1.0,1,501,-3.310415,23.63756,-0.21691443,-251.21667,-0.017582564,-4.0134273,26.456324,-0.21195725,-246.82632,-0.026503347,771561,11702.064497947693,-0.4204303,0.106902376,-0.44358388,-0.8151047,-0.017582564,-0.43312457,0.10146327,-0.44709265,-0.81097484,-0.026503347,0.08718535469107551,0.2821064845381383,0.0,False,True,0.010622887493964268,0.10251849469854132,0.0,False,True,0.27461310311502396,0.13547537851441985,0.2508223239670576,0.027218358225118974,0.8432850500277617,0.29546612212573464,0.12951260411239054,0.2649520043934258,0.00804726221176304,0.9171566670375959,0.17317315026697175,0.3727907203797978,0.1,-0.3,0.8,0.177080315467568,0.3781698447815552,0.1,-0.3,0.8,0.12677345537757437,0.332719020179497,0.0,False,True,0.10791887976822791,0.31027793211538374,0.0,False,True,0.761397,0.36492127,0.7274374,4.7501177e-05,1.3396858,0.73156136,0.38887933,0.64581645,2.5708228e-05,1.3393085,-29.095753,180
8.304174950298211,50.966844195240085,1.0,1,501,16.966037735849056,81.46953810484902,1.0,1,501,-3.8896189,27.255518,-0.21665682,-354.51868,-0.03184507,-7.546803,37.862915,-0.22063054,-239.63223,-0.050423678,814331,12349.953152656555,-0.4683932,0.15555568,-0.46464586,-0.8916897,-0.03184507,-0.44481826,0.09753947,-0.4496473,-0.88007385,-0.050423678,0.03327747186976299,0.17936020109188133,0.0,False,True,0.010898576512455516,0.10382580383728157,0.0,False,True,0.19252254409065517,0.35722189523329484,0.2,-0.3,0.8,0.16340450771055753,0.3746624088383103,0.1,-0.3,0.8,0.31620909081603393,0.14403023997105852,0.3035113148517932,0.011827830299712577,0.7580727093141758,0.26496707052646373,0.11276972550459506,0.22332212292551204,0.03157331884393308,0.8044228343016555,0.12042135503950203,0.3254536100428942,0.0,False,True,0.05894128113879003,0.2355147692109948,0.0,False,True,0.7250791,0.3888816,0.5522937,0.00011811033,1.3399119,0.760615,0.37651843,0.6831722,0.0016115606,1.3399701,-29.095753,190
9.190265486725664,56.22618743100818,1.0,1,501,16.24901185770751,80.60177109081502,1.0,1,501,-4.0091224,27.373928,-0.21423596,-316.14227,-0.02925205,-7.385217,38.760647,-0.21699448,-287.14706,-0.04091831,856572,12891.405592441559,-0.43623573,0.124338895,-0.43616307,-0.837446,-0.02925205,-0.45450255,0.10606395,-0.44791713,-0.86575216,-0.04091831,0.08907077515647568,0.2848458744119357,0.0,False,True,0.09802967647774265,0.29735476960595697,0.0,False,True,0.2515767687814378,0.10907700397877615,0.24834426827987335,0.011229319841943548,0.6630395444104545,0.23830727026852266,0.13435689410323695,0.212212677239061,0.008011286438317625,0.6839469808680126,0.16265446958754615,0.33944163254124615,0.1,-0.3,0.8,0.15864753101435172,0.35151387979438103,0.1,-0.3,0.8,0.10881078478574868,0.3114016665017356,0.0,False,True,0.06129895402578448,0.23987786946929732,0.0,False,True,0.7580749,0.38653523,0.71496326,0.0003232248,1.3390111,0.7563804,0.4013955,0.6309829,0.001795914,1.3399556,-29.095753,200
13.681818181818182,71.5857223435474,1.0,1,501,7.209779179810726,46.301526832465086,1.0,1,501,-5.868227,32.24579,-0.21171482,-240.51782,-0.024648825,-3.013094,21.556059,-0.21487375,-241.70786,-0.025219955,899092,13547.619734048843,-0.42890695,0.094714604,-0.4424492,-0.8576055,-0.024648825,-0.4179177,0.117289566,-0.44741035,-0.8913891,-0.025219955,0.007831039392501186,0.08814598240722193,0.0,False,True,0.0851017282870269,0.279033016199854,0.0,False,True,0.3194612542816472,0.09041062929162089,0.32763873605674343,0.03370487950831333,0.6172569802705609,0.252963400794521,0.12888600151219753,0.21807402410121418,0.008005848698178723,0.8355362072432242,0.14863154564151243,0.3330454371837087,0.2,-0.3,0.8,0.1516517173485014,0.36210863534805493,0.1,-0.3,0.8,0.07308970099667775,0.26028368486114145,0.0,False,True,0.1387005031721724,0.34563372750927907,0.0,False,True,0.72705495,0.37851503,0.6470774,0.0022888072,1.3370575,0.7064996,0.4002696,0.42990077,0.0009179935,1.3388715,-29.095753,210
9.846153846153847,60.06975420144887,1.0,1,501,9.764976958525345,62.17872314623583,1.0,1,501,-4.439922,29.27092,-0.21673897,-268.03473,-0.02257104,-4.1917596,28.599396,-0.21232744,-238.65536,-0.021242317,942549,14193.171142578125,-0.45092952,0.12695639,-0.4610882,-0.860138,-0.02257104,-0.42926463,0.10163345,-0.44786716,-0.8593303,-0.021242317,0.122314453125,0.3276486344878186,0.0,False,True,0.05521472392638037,0.22839890145995442,0.0,False,True,0.30934272112952277,0.14447470181166788,0.30572251538941153,0.016256426927849472,0.6833528959459495,0.23633128911156226,0.10557242115237583,0.21559499398484797,0.007999288789629235,0.6402520998001011,0.1900634765625,0.36235592845625236,0.2,-0.3,0.8,0.15435740128991665,0.3778164748336122,0.1,-0.3,0.8,0.101318359375,0.30174981264046935,0.0,False,True,0.10169891458235017,0.30225195674324756,0.0,False,True,0.7220815,0.40262327,0.43416053,0.0021051578,1.3395891,0.74860114,0.36086705,0.72994876,0.00054173917,1.3397623,-29.095753,220
13.261829652996845,72.98617621453347,1.0,1,501,9.997742663656885,60.59667569688881,1.0,1,501,-5.7998495,33.82143,-0.20708287,-241.14536,-0.038220648,-4.159054,26.958105,-0.21996576,-234.86308,-0.018737644,985746,14886.801958322525,-0.43733406,0.08607897,-0.4552281,-0.8381776,-0.038220648,-0.41599935,0.09015169,-0.4423549,-0.8189135,-0.018737644,0.008325404376784015,0.09086303989382614,0.0,False,True,0.10973131632422668,0.31255456250385977,0.0,False,True,0.2836787796564587,0.11401973367606927,0.24284906549606716,0.04650137116939026,0.8414388178298057,0.23526825639964422,0.11300213921028121,0.23751882435626562,0.00827865838345863,0.6316495100782991,0.1421265461465271,0.35047973171524915,0.2,-0.3,0.8,0.13973056370888837,0.3640704871201974,0.0,-0.3,0.8,0.07540437678401522,0.2640427176534689,0.0,False,True,0.09979679385865883,0.2997288671352681,0.0,False,True,0.73816246,0.39185622,0.6856832,0.002512414,1.3393719,0.74432844,0.39016312,0.68879956,0.00016567111,1.3390514,-29.095753,230
12.00263157894737,67.76691859773975,1.0,1,501,8.278978388998036,53.014221042547256,1.0,1,501,-5.330004,32.025387,-0.22142942,-287.73834,-0.00929317,-3.5514867,24.912598,-0.21872187,-265.51666,-0.03883391,1028896,15475.612513065338,-0.44406962,0.11283713,-0.44900402,-0.8719922,-0.00929317,-0.42897645,0.11324091,-0.43167838,-0.8773815,-0.03883391,0.010085507564130673,0.09991891763477292,0.0,False,True,0.0889890840056953,0.2847279876189248,0.0,False,True,0.2774312087773438,0.10975758056162681,0.27887706335228446,0.009798328468389766,0.7425234253998036,0.28055369251561596,0.1336969669494061,0.28318058334166263,0.007963071217279172,0.8379732014888366,0.1597237447928086,0.3648233638422611,0.2,-0.3,0.8,0.1659705742762221,0.33979117108961693,0.0,-0.3,0.8,0.08309581232185924,0.2760269883479324,0.0,False,True,0.12078785002373042,0.32588056908992785,0.0,False,True,0.74876803,0.37477517,0.6923213,0.00082379207,1.3392999,0.714975,0.40400386,0.48695675,0.00061612204,1.3399839,-29.095753,240
18.791489361702126,88.11044285630956,1.0,1,501,9.53273137697517,58.87236597022712,1.0,1,501,-8.309598,40.243515,-0.22342604,-245.87491,-0.035435684,-3.968195,26.24361,-0.21791762,-238.58194,-0.03623265,1071736,16054.30680012703,-0.4422001,0.07647311,-0.4517337,-0.8517109,-0.035435684,-0.41627055,0.094367236,-0.43690878,-0.8958536,-0.03623265,0.11933876811594203,0.32418671555218215,0.0,False,True,0.04830689083589865,0.21441393409400242,0.0,False,True,0.25138621705147646,0.11923552100585814,0.24595548523958374,0.008408985914119432,0.6637830479938693,0.26185115931082925,0.11150881520756037,0.24278157716650028,0.010385828717729353,0.670263683700214,0.1439915458937198,0.33719700648814593,0.0,-0.3,0.8,0.1771805193780093,0.35417214811752923,0.2,-0.3,0.8,0.05321557971014493,0.2244630967135982,0.0,False,True,0.10466493014444707,0.3061211893063025,0.0,False,True,0.7398134,0.3710158,0.69702137,0.00032570213,1.3381189,0.7361807,0.37591708,0.72606546,0.00013333559,1.3386592,-29.095753,250
13.401840490797547,74.91214402061902,1.0,1,501,31.692857142857143,116.79138278073745,1.0,1,501,-5.6632466,33.297222,-0.21683156,-252.24202,-0.040999386,-14.554122,55.045296,-0.22077712,-257.55756,-0.06486588,1114498,16619.85729908943,-0.4225723,0.09227682,-0.4295857,-0.85514086,-0.040999386,-0.45922405,0.08748581,-0.45004094,-0.87479544,-0.06486588,0.022201876859693295,0.14733958573173847,0.0,False,True,0.006085192697768763,0.07776993717111892,0.0,False,True,0.28831260356268096,0.11153851412674355,0.2579169329511502,0.009532982991102426,0.6604461949276733,0.3015520215375931,0.12481145070326176,0.2764202497827102,0.01681316935970813,0.7527844615779824,0.17602044708934161,0.3854345528110606,0.2,-0.3,0.8,0.19163849447825107,0.3637217948087368,0.2,-0.3,0.8,0.07415884641794461,0.2620292195841989,0.0,False,True,0.031552851025467656,0.17480637464815837,0.0,False,True,0.742936,0.37410802,0.59249735,0.0002332069,1.3387914,0.7779492,0.37211314,0.73359805,0.00016469136,1.3393171,-29.095753,260
13.99079754601227,72.40921907698895,1.0,1,501,11.957333333333333,66.56920844421157,1.0,1,501,-6.1199594,33.89914,-0.21437207,-274.26593,-0.026772084,-5.173668,30.601389,-0.21936353,-239.94754,-0.029572269,1157206,17214.313508987427,-0.4374275,0.10525077,-0.44516885,-0.8905742,-0.026772084,-0.43267736,0.08964774,-0.45515642,-0.71338856,-0.029572269,0.05788204341153256,0.23352026135228185,0.0,False,True,0.012488849241748439,0.11105349110390596,0.0,False,True,0.2821153015301471,0.1402421234586544,0.24415843751681374,0.01295157647994665,0.8138466714910704,0.26052819322605825,0.07086633536241263,0.26254221724306026,0.01563806542832032,0.5626079437407356,0.16614777461083094,0.35284206958471565,0.2,-0.3,0.8,0.15364258102884332,0.3599475786916833,0.1,-0.3,0.8,0.0714755536066652,0.2576175437412715,0.0,False,True,0.08340767172167707,0.2764974358283383,0.0,False,True,0.76490575,0.37528795,0.7353319,0.00058510527,1.339963,0.71736896,0.36886674,0.51706064,0.0021219887,1.3397317,-29.095753,270
10.062645011600928,64.23379044010417,1.0,1,501,18.449579831932773,87.07692182748255,1.0,1,501,-4.4935274,30.927103,-0.21519849,-315.4697,-0.026843447,-8.081331,39.722267,-0.2233168,-245.40439,-0.0487563,1200752,17877.022361040115,-0.44655526,0.12166556,-0.45762187,-0.88288355,-0.026843447,-0.43802246,0.09288844,-0.46347114,-0.8883287,-0.0487563,0.10975328568134655,0.31258199238519047,0.0,False,True,0.05124117513094967,0.2204892675441347,0.0,False,True,0.22330577565442405,0.11412396316539733,0.2111073883242148,0.01746647985950309,0.6406782924675779,0.2557294460167445,0.12169426178611159,0.23050312129548262,0.0032996727809341555,0.6516186834775859,0.13882868342172008,0.3699291435118076,0.0,-0.3,0.8,0.15727624686859487,0.3564562236500495,0.1,-0.3,0.8,0.09937744985012681,0.29916813385020197,0.0,False,True,0.05420177636073787,0.22641542306141257,0.0,False,True,0.74772376,0.36469764,0.68634677,0.001019422,1.3398995,0.731175,0.37373313,0.58651346,0.0016820282,1.3399848,-29.095753,280
10.578282828282829,57.99374254890867,1.0,1,501,10.240825688073395,60.72153528217695,1.0,1,501,-4.4320483,26.05829,-0.2147873,-236.80449,-0.023395114,-4.289734,27.074121,-0.21738431,-231.3124,-0.019662166,1242925,18456.069484472275,-0.41897616,0.10792739,-0.429884,-0.8414736,-0.023395114,-0.41888556,0.09768324,-0.44046202,-0.8643223,-0.019662166,0.03867271425161136,0.19281373245706485,0.0,False,True,0.0374020156774916,0.18974484156559376,0.0,False,True,0.15004376541736295,0.3705711093406819,0.1,-0.3,0.8,0.14534527808883912,0.34696113467168677,0.1,-0.3,0.8,0.2520980688542043,0.12439241083830674,0.21002315977444605,0.01425206888351797,0.8529768817138893,0.2403887706609513,0.11500293313817471,0.23663636038410954,0.011757157502637016,0.8317611696981683,0.09453330150393889,0.2925692335340548,0.0,False,True,0.09742441209406495,0.29653481418240046,0.0,False,True,0.7607909,0.391459,0.71521693,0.0005693361,1.3397539,0.7543681,0.39030024,0.6562507,0.0005610734,1.3386176,-29.095753,290
8.53024193548387,57.22130120184083,1.0,1,501,8.860510805500983,58.01116172437315,1.0,1,501,-3.7237396,27.166441,-0.21526867,-266.37668,-0.031495493,-3.8879116,27.772762,-0.20964205,-299.09924,-0.025793156,1285536,19091.852820158005,-0.43653387,0.11653273,-0.45012632,-0.87996477,-0.031495493,-0.43879095,0.12412778,-0.44603547,-0.86614794,-0.025793156,0.014890096903805246,0.12111309556774005,0.0,False,True,0.018403547671840353,0.13440556947139748,0.0,False,True,0.1534940518395966,0.33860530453201937,0.1,-0.3,0.8,0.18003695491500366,0.35745238639328103,0.2,-0.3,0.8,0.30056008118781447,0.12985877039950672,0.27546025520932516,0.008141766622077872,0.7796452108765207,0.2745006628510566,0.11531169674674797,0.2779787999601645,0.00863438609943182,0.6749711785665866,0.11722996927440321,0.32169411492647126,0.0,False,True,0.11286031042128603,0.3164219662932664,0.0,False,True,0.73243713,0.3939422,0.56010455,9.677559e-05,1.3390515,0.7403764,0.3809707,0.63685524,0.0006096959,1.3395729,-29.095753,300
8.591355599214145,54.559983068053825,1.0,1,501,9.010729613733906,59.3452281826547,1.0,1,501,-3.5770478,24.44752,-0.21877852,-230.36479,-0.01644449,-3.7957187,27.011044,-0.21481885,-240.93816,-0.026068898,1328713,19696.52592611313,-0.4163543,0.103042446,-0.43900263,-0.87085825,-0.01644449,-0.42124432,0.095454186,-0.44767204,-0.72303927,-0.026068898,0.04527784129887949,0.20791286248376498,0.0,False,True,0.030959752321981424,0.1732086777795587,0.0,False,True,0.28376038287394373,0.11996480398721393,0.27141446952448883,0.009256458452917648,0.6514590839253539,0.25020508676566233,0.10424426622541123,0.23507514840373042,0.019508608595606138,0.6700086649055628,0.16105648296364053,0.311691748534655,0.1,-0.3,0.8,0.1279907914582837,0.32555061983568645,0.1,-0.3,0.8,0.11639606677338211,0.3206992709893,0.0,False,True,0.11097880447725648,0.31410588888789615,0.0,False,True,0.73306865,0.37990862,0.5984132,0.0002795048,1.3390688,0.74991536,0.366905,0.7244355,0.00014700368,1.3397095,-29.095753,310
12.682451253481894,70.80963926172592,1.0,1,501,14.733812949640289,73.53475912199944,1.0,1,501,-5.4481163,32.26756,-0.20264374,-245.44565,-0.028817326,-6.3044624,32.784912,-0.21453138,-242.189,-0.028080983,1372114,20285.514441013336,-0.42957914,0.10270642,-0.44364122,-0.8604258,-0.028817326,-0.42789078,0.09551491,-0.43887135,-0.8848093,-0.028080983,0.05930155941137712,0.23618823946749765,0.0,False,True,0.056396484375,0.23068576229394908,0.0,False,True,0.21300556274834836,0.09327058183897555,0.20068878872778495,0.015174815064279775,0.6645964428640991,0.2591987829703359,0.11550431597934693,0.2500524294987219,0.024401692021829628,0.6733670710718404,0.1531224833443151,0.3600862093949919,0.1,-0.3,0.8,0.13667805989583331,0.3524790365743203,-0.1,-0.3,0.8,0.07884911047660884,0.26950311362516083,0.0,False,True,0.067626953125,0.25110465614167543,0.0,False,True,0.76203907,0.37077552,0.71040416,0.00048440322,1.3396412,0.7344684,0.39243674,0.49383098,0.0004191175,1.339133,-29.095753,320
19.541666666666668,86.96124149957927,1.0,1,501,9.377870563674321,58.20557128898566,1.0,1,501,-8.458462,38.76673,-0.2034925,-237.493,-0.028356649,-4.147,28.156895,-0.2049771,-299.56802,-0.013513518,1414620,20893.132682085037,-0.43284237,0.09003509,-0.43656474,-0.8933171,-0.028356649,-0.44221127,0.11413708,-0.45512605,-0.85518014,-0.013513518,0.1411987680644397,0.3482264722296745,0.0,False,True,0.010240427426536063,0.10067552370193023,0.0,False,True,0.2393831755855813,0.12317184411197235,0.2318334329759675,0.015417081186636997,0.8290801746364348,0.3125173101413002,0.13872875502456447,0.3048236960410866,0.008865803242287485,0.7714126406297964,0.1392639974729527,0.3573704649943697,0.0,-0.3,0.8,0.18819382606114576,0.3643561309417176,0.2,-0.3,0.8,0.0511727078891258,0.22034986239255971,0.0,False,True,0.10641139804096171,0.3083634420743317,0.0,False,True,0.7539809,0.37391576,0.73484933,0.00032803044,1.3395101,0.7451069,0.38092723,0.66489923,9.998679e-05,1.3379822,-29.095753,330
14.284246575342467,77.59279481127182,1.0,1,501,8.599214145383105,52.80646801496422,1.0,1,501,-6.095127,34.54817,-0.21462934,-244.25433,-0.04543302,-3.5384624,23.766472,-0.2214299,-236.09515,-0.02673579,1458174,21472.66423869133,-0.42670274,0.09128565,-0.45119727,-0.86691034,-0.04543302,-0.41148672,0.09147781,-0.43244076,-0.81110823,-0.02673579,0.07048669383840805,0.2559654660889601,0.0,False,True,0.14461960246744346,0.351716893324165,0.0,False,True,0.19089247225193798,0.08282649536553717,0.16646837424251537,0.0159750277024417,0.6811875893685941,0.2289952553870926,0.10568265766595888,0.21993458914595532,0.009541674447371733,0.7517410640021054,0.12552545352833053,0.3304212890448493,0.0,-0.3,0.8,0.16332343309725078,0.37727469322722174,0.0,-0.3,0.8,0.07000719251977942,0.255159137628418,0.0,False,True,0.11606122915238748,0.32029833006124847,0.0,False,True,0.7361995,0.3521222,0.72812295,0.00020423532,1.3385569,0.6950886,0.40045732,0.42797226,0.00079610944,1.339376,-29.095753,340
7.2867256637168145,51.99999234925876,1.0,1,501,7.932980599647267,54.8484114818838,1.0,1,501,-2.9937806,23.408617,-0.2046145,-243.8241,-0.026279798,-3.3747854,25.864851,-0.2110802,-263.314,-0.012671175,1501640,22160.730189085007,-0.41085404,0.102367714,-0.43305942,-0.8110153,-0.026279798,-0.42541206,0.10806711,-0.4481868,-0.78681546,-0.012671175,0.022589264027204275,0.14859000362714017,0.0,False,True,0.1218319253001334,0.3270915885158102,0.0,False,True,0.2656129903002536,0.0827346317502497,0.25603279166889265,0.011612102348954404,0.7206931249104266,0.256196224837463,0.09685604482642647,0.2658460124932511,0.007942015461140312,0.6873944004778805,0.13963241842765767,0.3521669080785826,0.1,-0.3,0.8,0.14141840818141393,0.3390980603977864,0.2,-0.3,0.8,0.1369929560359485,0.3438399133790043,0.0,False,True,0.12583370386838594,0.3316618501412988,0.0,False,True,0.73677856,0.36959878,0.7073903,0.0002464503,1.3398514,0.7203169,0.38172895,0.6419054,0.00026597828,1.3397572,-29.095753,350
9.783410138248849,61.66009174268702,1.0,1,501,11.662983425414364,66.28168759496238,1.0,1,501,-4.177046,28.484713,-0.21219781,-265.5602,-0.034379546,-5.0568924,30.811768,-0.21906024,-259.62952,-0.020260304,1545118,22812.355753421783,-0.42695192,0.10247176,-0.44477335,-0.8434684,-0.034379546,-0.43358478,0.10136305,-0.43280864,-0.83981454,-0.020260304,0.04404145077720207,0.20518723496027075,0.0,False,True,0.05945049739459972,0.23646592937278385,0.0,False,True,0.28973026702570426,0.1399237655174664,0.29047966860506536,0.010988419230450837,0.5901449256436824,0.2717774724321788,0.14086616992233256,0.25719956712498876,0.021921058917553273,0.8178344342113931,0.17548280734809232,0.3689674968308206,0.1,-0.3,0.8,0.1543660192641718,0.3323976555512556,0.1,-0.3,0.8,0.10221384832783796,0.30292932762915464,0.0,False,True,0.08550450023685457,0.2796309723119031,0.0,False,True,0.69036895,0.40194598,0.44803753,5.7578087e-05,1.3392822,0.73490775,0.39712846,0.5842707,0.00042790174,1.3393518,-29.095753,360
32.14728682170543,112.21512429501487,1.0,1,501,10.334905660377359,61.26455243751038,1.0,1,501,-14.149913,50.478176,-0.2083939,-235.67834,-0.052203424,-4.304693,27.272387,-0.21056002,-235.94135,-0.022788264,1588336,23465.908870220184,-0.44015884,0.059513606,-0.44685254,-0.78854126,-0.052203424,-0.41651985,0.08493524,-0.43865776,-0.666307,-0.022788264,0.009645526886906198,0.09773684411715045,0.0,False,True,0.024418073938840712,0.15434322662157227,0.0,False,True,0.29239088109406663,0.10406905537653689,0.2692604034258117,0.02638407569365439,0.5250078154516991,0.3081689659437692,0.12354668401156711,0.28237304946702346,0.008474235814706396,0.671642368179079,0.1988505747126437,0.34972787464660304,0.2,-0.3,0.8,0.18087631218621633,0.36113614362345364,0.2,-0.3,0.8,0.030865686038099832,0.17295373792866486,0.0,False,True,0.09675947056138749,0.295629963667534,0.0,False,True,0.73784024,0.39285126,0.4329031,0.00010280684,1.3390627,0.7381343,0.39242825,0.6284263,0.00069273263,1.3394885,-29.095753,370
10.300995024875622,58.05059938159264,1.0,1,501,29.685714285714287,112.06299795295537,1.0,1,501,-4.3228784,26.177197,-0.21434766,-244.4988,-0.025134232,-12.675523,48.92972,-0.20650193,-234.77948,-0.047548156,1631259,24082.610486984253,-0.4196564,0.08757869,-0.43687758,-0.81381464,-0.025134232,-0.4269907,0.07207205,-0.4255251,-0.7746537,-0.047548156,0.09321419946872736,0.29073237261462936,0.0,False,True,0.012512030798845043,0.11115520628442825,0.0,False,True,0.25155308142744015,0.10558669928107953,0.2438268712908512,0.016072287013050024,0.745138174766451,0.276178899367205,0.11447456570782012,0.3273900303115428,0.033994575063272775,0.535888321554328,0.18570393624728326,0.3594652242575024,0.2,-0.3,0.8,0.14832370869425732,0.33168847037373295,0.1,-0.3,0.8,0.09683651291958464,0.2957350210664266,0.0,False,True,0.03320500481231954,0.1791715168985667,0.0,False,True,0.72323936,0.40487233,0.44663265,0.00028799102,1.3399918,0.74523187,0.3780687,0.6821077,0.0017021559,1.3389866,-29.095753,380
18.19838056680162,84.53476584845757,1.0,1,501,12.240540540540541,65.81406224278369,1.0,1,501,-7.8120394,37.742584,-0.207435,-249.9006,-0.020125173,-5.1321044,29.151464,-0.21393794,-239.03653,-0.035310652,1674386,24701.92486357689,-0.42927113,0.084097184,-0.43353713,-0.8575779,-0.020125173,-0.41927108,0.08496352,-0.43043014,-0.75988066,-0.035310652,0.074972191323693,0.2633464673235936,0.0,False,True,0.05564142194744977,0.22922795229010712,0.0,False,True,0.22439342480264432,0.1021512527306543,0.20264723365939125,0.00794329613662826,0.7675057485281666,0.2329603116366217,0.10033700952064148,0.2253756320057635,0.012756441865597549,0.5780587610290269,0.14625139043381533,0.3548554054162976,0.0,-0.3,0.8,0.1753514388753956,0.3632158481232808,0.0,-0.3,0.8,0.054505005561735265,0.22701147532768132,0.0,False,True,0.08169573857363656,0.2739006113037074,0.0,False,True,0.7517834,0.3901008,0.7114546,0.00035487488,1.3396447,0.74128217,0.39412707,0.51013,0.000787843,1.3395205,-29.095753,390
10.242990654205608,61.32955883843997,1.0,1,501,12.565349544072948,69.64623689061538,1.0,1,501,-4.744647,31.10647,-0.2198048,-308.0909,-0.027905433,-5.5602117,32.63182,-0.21444091,-251.36299,-0.01731581,1717587,25366.798223495483,-0.46320915,0.14466569,-0.45233393,-0.8694119,-0.027905433,-0.4425035,0.092761114,-0.46650267,-0.8995706,-0.01731581,0.07002737226277372,0.2551931413591373,0.0,False,True,0.013546202225447508,0.11559715667227628,0.0,False,True,0.2989443979982265,0.16779296254303827,0.2531943952087278,0.013917454946696509,0.8697298153554408,0.2769748329500866,0.1135048670805357,0.25414034219563686,0.02557857263904814,0.7785897481374338,0.15750456204379562,0.35026485674372004,0.1,-0.3,0.8,0.18730043541364294,0.37153276083058384,0.1,-0.3,0.8,0.09739963503649635,0.2965011739121005,0.0,False,True,0.07958393807450412,0.2706479907094409,0.0,False,True,0.7387354,0.3790852,0.66903794,6.797165e-05,1.3399678,0.7437178,0.35401505,0.7181539,0.0009325594,1.3394779,-29.095753,400
10.475728155339805,62.23984217980374,1.0,1,501,10.875647668393782,63.243587626540155,1.0,1,501,-4.3909516,27.919632,-0.20977028,-241.69394,-0.0107571175,-4.605352,28.512823,-0.20977288,-233.55392,-0.023413176,1760787,26015.894037485123,-0.4191548,0.092718996,-0.42873028,-0.8402456,-0.0107571175,-0.42345542,0.09243152,-0.45232457,-0.83762145,-0.023413176,0.06881371640407785,0.25313709494804787,0.0,False,True,0.020724154359218677,0.14245934081454242,0.0,False,True,0.26323790415575626,0.11017522667662358,0.2537344034465231,0.02449079721876914,0.693550660063054,0.254918997710342,0.0829308297963858,0.25230797830455864,0.014589959040512076,0.5121431519847338,0.1769076305220883,0.3762155031952601,0.2,-0.3,0.8,0.16404637128791488,0.3702876267793837,0.1,-0.3,0.8,0.09522706209453198,0.2935283099453545,0.0,False,True,0.09194854692710815,0.2889533035718774,0.0,False,True,0.7399495,0.37170672,0.6886645,9.575859e-05,1.3397695,0.6944772,0.3927119,0.42860082,0.0002868399,1.3398912,-29.095753,410
6.942372881355932,49.8471569098635,1.0,1,501,7.195,48.70404132786792,1.0,1,501,-2.8623261,23.123325,-0.21378888,-263.45776,-0.028690407,-2.9711707,22.262316,-0.21230882,-235.03818,-0.0173815,1802598,26680.888847351074,-0.412298,0.111382104,-0.42442656,-0.8373988,-0.028690407,-0.41294938,0.11031726,-0.44491836,-0.8894761,-0.0173815,0.04931640625,0.2165278234421271,0.0,False,True,0.04424368774611999,0.20563604703636915,0.0,False,True,0.24526947953488204,0.11302644551365275,0.2252362910893849,0.007985422736159813,0.7252797394798968,0.25336139484383197,0.09785444712195163,0.23949439502644645,0.030878468537296554,0.5458426588092009,0.14967447916666665,0.3399025569230889,0.0,-0.3,0.8,0.15489923558026406,0.3544794419084546,0.1,-0.3,0.8,0.1435546875,0.3506376180571294,0.0,False,True,0.13875376418809357,0.3456893939821245,0.0,False,True,0.69776946,0.39974284,0.45112342,0.0018741898,1.339457,0.71333295,0.41385245,0.4257297,3.84897e-05,1.3392496,-29.095753,420
6.531055900621118,46.52205746269282,1.0,1,501,13.37987012987013,72.10027638316366,1.0,1,501,-2.716965,21.65475,-0.20834133,-247.98785,-0.006551019,-5.9157777,34.07193,-0.2139218,-281.00775,-0.033077557,1845715,27290.99595808983,-0.416007,0.119235694,-0.44185102,-0.886727,-0.006551019,-0.44214016,0.10254461,-0.43994367,-0.8757668,-0.033077557,0.02258678078934855,0.14858202489844616,0.0,False,True,0.012860956078621694,0.11267453965899067,0.0,False,True,0.2745046433400706,0.11108485061095336,0.24822492392183548,0.011922124996335656,0.8685084251673204,0.30832894684405626,0.13571935029827817,0.2820739983367261,0.027578332067779068,0.7980477759210359,0.15842447297511492,0.3350040723999455,0.2,-0.3,0.8,0.19042303647981879,0.3692594081628808,0.1,-0.3,0.8,0.15287684260580123,0.35986874496221855,0.0,False,True,0.07473914098519777,0.26296996366504005,0.0,False,True,0.7435505,0.38126066,0.73425496,2.4426728e-05,1.3397151,0.7217586,0.38662353,0.44543326,0.0004999563,1.3377548,-29.095753,430
11.441340782122905,65.27437296366828,1.0,1,501,11.70053475935829,66.05374695159276,1.0,1,501,-4.6910577,28.310835,-0.21474765,-233.33546,-0.039429434,-5.005167,30.121645,-0.20164195,-251.94562,-0.037002284,1888744,27938.365789175034,-0.41000944,0.08721226,-0.43215007,-0.8171463,-0.039429434,-0.4277725,0.09307135,-0.4393334,-0.8597766,-0.037002284,0.007568359375,0.08666648320643251,0.0,False,True,0.04913162705667276,0.21614280066529346,0.0,False,True,0.30608499851044024,0.09053885909937905,0.30315034295963383,0.012585004179297993,0.6446300490773492,0.2589554492108166,0.1108416160524499,0.24350654403642802,0.02600782384580617,0.6673286247880433,0.194580078125,0.35249979605341936,0.2,-0.3,0.8,0.15125685557586838,0.34038092771315526,0.1,-0.3,0.8,0.08740234375,0.28242374910231405,0.0,False,True,0.08523765996343693,0.27923502876142603,0.0,False,True,0.7696063,0.3853909,0.6967316,0.0005678609,1.3394558,0.71689624,0.3572474,0.6973007,0.00015567243,1.3390303,-29.095753,440
7.408602150537634,50.804334028806366,1.0,1,501,6.8254716981132075,46.95919591254032,1.0,1,501,-3.0018775,22.730543,-0.21867691,-240.05882,-0.036322027,-2.6866097,20.23882,-0.20819953,-232.48766,-0.026479572,1931560,28592.274806022644,-0.4051881,0.10423605,-0.42873794,-0.83352786,-0.036322027,-0.39361525,0.10424054,-0.41148052,-0.8422813,-0.026479572,0.09046927914852443,0.28685290425385407,0.0,False,True,0.05482607694079705,0.22764045824079437,0.0,False,True,0.22188365688689468,0.07866671682137358,0.23762324038277582,0.00991807007746996,0.5405125038375735,0.23285853523084485,0.10426101632840641,0.21215299230418436,0.01626016370113635,0.6309692947585728,0.12817287534268665,0.3557821047947521,-0.1,-0.3,0.8,0.1412808108730707,0.35641006945432124,0.1,-0.3,0.8,0.13497822931785197,0.34170031742459556,0.0,False,True,0.1465100207325501,0.35361679054804207,0.0,False,True,0.700562,0.3870167,0.42698434,0.0006525554,1.3393548,0.69677323,0.40610078,0.4258772,0.00017710775,1.3396989,-29.095753,450
5.593630573248408,40.63328885596217,1.0,1,501,10.6426735218509,61.298111194717436,1.0,1,501,-2.1618743,17.674776,-0.20761196,-241.37265,-0.020077756,-4.3477454,26.53946,-0.21784444,-232.93115,-0.052770387,1973781,29316.450580596924,-0.38648862,0.113073744,-0.40193477,-0.8835748,-0.020077756,-0.40852004,0.08301377,-0.42995685,-0.7801826,-0.052770387,0.013208836255978138,0.11416813434904195,0.0,False,True,0.04782608695652174,0.2133981076836179,0.0,False,True,0.2821567280794015,0.10213069028596661,0.26130770952650595,0.00800483817682753,0.763924151815218,0.3201188503233858,0.11051239273086923,0.32506073479675013,0.014501227242673881,0.5710832114525842,0.15424732407196537,0.33410313398504665,0.2,-0.3,0.8,0.16285829307568436,0.3643776299580336,0.0,-0.3,0.8,0.1785470280118424,0.38297256664150336,0.0,False,True,0.09396135265700484,0.2917749421452617,0.0,False,True,0.7145232,0.3994002,0.57012236,0.0010566488,1.3393658,0.7103327,0.3991897,0.43494463,0.0016375519,1.3393912,-29.095753,460
15.039855072463768,79.32689114007943,1.0,1,501,8.338858195211786,54.269086908737165,1.0,1,501,-6.3094897,34.87242,-0.21227586,-244.35452,-0.033213858,-3.455059,24.418789,-0.2107712,-235.59552,-0.011142907,2017288,29927.03860092163,-0.419518,0.07732953,-0.43529773,-0.54979396,-0.033213858,-0.41433236,0.09903384,-0.4473991,-0.81833816,-0.011142907,0.18357022404239942,0.38713330635250526,0.0,False,True,0.021643109540636044,0.14551524095450646,0.0,False,True,0.22784149210359095,0.11260943491898534,0.201211557048445,0.019895908430808552,0.5591187953028118,0.317147481874647,0.10190503776864111,0.3321483593252784,0.008580887096830726,0.5990890440257776,0.16615273428089616,0.3745607859100523,0.0,-0.3,0.8,0.1709363957597173,0.349840710118573,0.2,-0.3,0.8,0.06649000240905806,0.24913667331146072,0.0,False,True,0.11992049469964665,0.3248685421068631,0.0,False,True,0.7381725,0.37637857,0.660004,0.0023958422,1.3379666,0.6987592,0.38980916,0.41775435,0.00094465166,1.3398994,-29.095753,470
17.31496062992126,85.61231061556194,1.0,1,501,12.711246200607903,70.99517446654475,1.0,1,501,-7.502254,38.628048,-0.2075463,-241.70584,-0.036138114,-5.3716235,31.988308,-0.2176742,-254.70987,-0.044405606,2060518,30533.438304185867,-0.43328157,0.08354263,-0.43603978,-0.8671832,-0.036138114,-0.42258826,0.09197559,-0.42592826,-0.8289662,-0.044405606,0.007276034561164165,0.08498878680290071,0.0,False,True,0.14299378287900527,0.3500665093049564,0.0,False,True,0.2715966701160981,0.12000499945780423,0.23075376820622967,0.03546308612577455,0.6057561260705496,0.2555414436073449,0.11980175920521258,0.25397465940184283,0.009723351216117462,0.5617026620403952,0.14649082916477188,0.3498004504217066,0.0,-0.3,0.8,0.17104256336681012,0.37365943639079513,0.1,-0.3,0.8,0.057526148249204184,0.2328452072017261,0.0,False,True,0.0784313725490196,0.26884920001572726,0.0,False,True,0.7166429,0.38617963,0.4376148,0.0014711469,1.3393579,0.7249961,0.38765955,0.52112633,0.0005590506,1.3394153,-29.095753,480
