train_ep_lens_Average,train_ep_lens_Std,train_ep_lens_Median,train_ep_lens_Min,train_ep_lens_Max,eval_ep_lens_Average,eval_ep_lens_Std,eval_ep_lens_Median,eval_ep_lens_Min,eval_ep_lens_Max,train_returns_Average,train_returns_Std,train_returns_Median,train_returns_Min,train_returns_Max,eval_returns_Average,eval_returns_Std,eval_returns_Median,eval_returns_Min,eval_returns_Max,Train_EnvstepsSoFar,TimeSinceStart,reward_Average,reward_Std,reward_Median,reward_Min,reward_Max,eval_reward_Average,eval_reward_Std,eval_reward_Median,eval_reward_Min,eval_reward_Max,ob_Average,ob_Std,ob_Median,ob_Min,ob_Max,eval_ob_Average,eval_ob_Std,eval_ob_Median,eval_ob_Min,eval_ob_Max,score_Average,score_Std,score_Median,score_Min,score_Max,eval_score_Average,eval_score_Std,eval_score_Median,eval_score_Min,eval_score_Max,success_Average,success_Std,success_Median,success_Min,success_Max,eval_success_Average,eval_success_Std,eval_success_Median,eval_success_Min,eval_success_Max,goal_relative_distance_Average,goal_relative_distance_Std,goal_relative_distance_Median,goal_relative_distance_Min,goal_relative_distance_Max,eval_goal_relative_distance_Average,eval_goal_relative_distance_Std,eval_goal_relative_distance_Median,eval_goal_relative_distance_Min,eval_goal_relative_distance_Max,Initial_DataCollection_AverageReturn,step
457.0,124.45079348883236,501.0,105,501,501.0,0.0,501.0,501,501,-750.7415,280.16254,-833.09674,-1132.1328,-57.0655,-950.7564,190.02676,-896.7627,-1358.4873,-736.72577,4509,51.759360551834106,-1.6427605,0.39396197,-1.6098621,-2.4249892,-0.28838566,-1.8977171,0.43132022,-1.8189613,-2.927851,-0.93157446,-0.15921907233059104,0.7385695715316919,-0.024732162056377835,-2.3300542905123205,1.8007704182628872,-0.12429333302351324,0.750404105260896,-0.024357092279669968,-2.3514564074419746,1.7656339541166384,-0.7515826126402129,0.6216212049708465,-0.5103824880930389,-2.4229750815629094,-5.866927904919772e-05,-0.8401010336303105,0.746114150782469,-0.4938938423646333,-2.8018388567176276,-0.0002529854284438089,0.00024313153415998054,0.015590780006692338,0.0,False,True,0.0,0.0,0.0,False,False,0.7515826126402129,0.6216212049708465,0.5103824880930389,5.866927904919772e-05,2.4229750815629094,0.8401010336303105,0.746114150782469,0.4938938423646333,0.0002529854284438089,2.8018388567176276,-750.7415,0
501.0,0.0,501.0,501,501,501.0,0.0,501.0,501,501,-961.00433,58.529587,-943.2941,-1068.2148,-893.1017,-916.76587,182.36928,-893.6422,-1303.8618,-612.2719,49599,104.85204219818115,-1.9181726,0.2634279,-1.9668976,-2.5049944,-0.7657517,-1.8298718,0.4182934,-1.8004165,-2.8222358,-0.9457313,-0.13640733439469577,0.7717510684189807,-0.021396844977698355,-2.344033565290554,1.8120065113242372,-0.15431186529155894,0.7705664676332454,-0.018036247894585883,-2.3411785054087773,1.7702292566956825,-0.8681752890444309,0.704176820716945,-0.582456005331213,-2.3688752158556667,-5.13355292173015e-05,-0.8066986646235073,0.7236739655670856,-0.48081895508775374,-2.7717552796856824,-0.00032224466467382766,0.0,0.0,0.0,False,False,0.0,0.0,0.0,False,False,0.8681752890444309,0.704176820716945,0.582456005331213,5.13355292173015e-05,2.3688752158556667,0.8066986646235073,0.7236739655670856,0.48081895508775374,0.00032224466467382766,2.7717552796856824,-750.7415,10
501.0,0.0,501.0,501,501,501.0,0.0,501.0,501,501,-833.07007,129.4859,-844.6207,-1023.04535,-633.72174,-934.70184,159.42976,-863.6638,-1224.1375,-711.6415,94689,154.15087246894836,-1.6628146,0.34959614,-1.6917918,-2.401311,-0.617874,-1.8656723,0.36396977,-1.8206705,-2.6845887,-0.5729183,-0.15194478903726866,0.7765147478696921,-0.020296479678647276,-2.3386322109019386,1.7426546160980623,-0.16052393669327347,0.7743628922128797,-0.028121295296850556,-2.3480574896189133,1.7694571291876724,-0.7803308408699225,0.5945365632830668,-0.6074809527860141,-2.3460461148125713,-0.00019076099090939436,-0.8230432350223301,0.725949277171935,-0.4491762745798227,-2.683182646712445,-0.0001972959837849876,0.0,0.0,0.0,False,False,0.0,0.0,0.0,False,False,0.7803308408699225,0.5945365632830668,0.6074809527860141,0.00019076099090939436,2.3460461148125713,0.8230432350223301,0.725949277171935,0.4491762745798227,0.0001972959837849876,2.683182646712445,-750.7415,20
501.0,0.0,501.0,501,501,501.0,0.0,501.0,501,501,-825.0732,151.62515,-810.2449,-1168.7231,-629.7549,-872.9707,173.82904,-915.843,-1065.7935,-553.14105,139603,202.37205457687378,-1.6468526,0.37711033,-1.5923283,-2.669081,-0.9052398,-1.7424566,0.40258566,-1.8123993,-2.6084445,-0.6559026,-0.14674592282060855,0.7829535442159606,-0.019080070672553823,-2.3540093294573556,1.8311386462560117,-0.15725394271814017,0.7743217276819717,-0.023365255967697673,-2.354926094047307,1.759067830756041,-0.7528846154363953,0.6201693643677341,-0.4878447213986848,-2.564510928145319,-3.731171467520611e-07,-0.7608408523347782,0.697995643969719,-0.41354301376490055,-2.5914547864010333,-9.342906650744876e-05,0.0,0.0,0.0,False,False,0.0,0.0,0.0,False,False,0.7528846154363953,0.6201693643677341,0.4878447213986848,3.731171467520611e-07,2.564510928145319,0.7608408523347782,0.697995643969719,0.41354301376490055,9.342906650744876e-05,2.5914547864010333,-750.7415,30
501.0,0.0,501.0,501,501,501.0,0.0,501.0,501,501,-973.60925,153.65257,-991.2241,-1191.6301,-705.83606,-827.1479,161.99184,-863.19006,-1001.4503,-506.2718,184693,250.8083198070526,-1.9433316,0.36530048,-1.968128,-2.7673383,-1.1383287,-1.6509938,0.37842247,-1.7450757,-2.3748531,-0.7871398,-0.12465995416334703,0.8086159080079018,-0.014179968058044638,-2.3464515694631114,1.7637402701781224,-0.11622964177339541,0.7994496485282488,-0.01526145972039569,-2.3533957544377704,1.7526638305250568,-0.8725645548679658,0.7361785264688694,-0.48666891736570866,-2.5566444961094232,-5.9674835202250254e-05,-0.7761564069853037,0.5949027678592785,-0.5658230234871661,-2.1745446069466046,-7.673499670323575e-05,0.0,0.0,0.0,False,False,0.0,0.0,0.0,False,False,0.8725645548679658,0.7361785264688694,0.48666891736570866,5.9674835202250254e-05,2.5566444961094232,0.7761564069853037,0.5949027678592785,0.5658230234871661,7.673499670323575e-05,2.1745446069466046,-750.7415,40
501.0,0.0,501.0,501,501,501.0,0.0,501.0,501,501,-782.65015,119.33669,-722.5098,-1003.58044,-641.60144,-821.15045,144.59325,-867.44336,-1075.5493,-571.1862,229783,301.7720787525177,-1.5621758,0.3086961,-1.5414326,-2.3962123,-0.7701413,-1.6390228,0.33374178,-1.6636475,-2.431303,-0.74843574,-0.1458222232665778,0.7956415715441763,-0.023444600079368064,-2.3414172784265386,1.7540066421908067,-0.13112345995017166,0.8013399109595859,-0.014104659008287966,-2.343692487097908,1.7387651142827814,-0.734647301405573,0.5527406693964578,-0.5144741257741167,-2.3335619611183893,-0.0003857267206408034,-0.7440821273728728,0.6155769124213603,-0.45583526846200245,-2.245476825672254,-0.00019522249396185243,0.0,0.0,0.0,False,False,0.0,0.0,0.0,False,False,0.734647301405573,0.5527406693964578,0.5144741257741167,0.0003857267206408034,2.3335619611183893,0.7440821273728728,0.6155769124213603,0.45583526846200245,0.00019522249396185243,2.245476825672254,-750.7415,50
501.0,0.0,501.0,501,501,501.0,0.0,501.0,501,501,-851.102,173.77898,-797.73047,-1132.0293,-558.5906,-893.37964,180.65802,-814.7857,-1244.2904,-714.15393,274873,355.306503534317,-1.6988064,0.3874964,-1.6352522,-2.713586,-0.870469,-1.7831929,0.41433638,-1.6682925,-2.9719129,-0.93793595,-0.13765288648433907,0.8144136068562559,-0.023777165625581458,-2.3534051385842685,1.7797146805129802,-0.08958157689784195,0.82284664614388,-0.007736539175163315,-2.3494009949316745,1.7400478315426173,-0.7768400570811871,0.6391804882196538,-0.4847434428842572,-2.579212544750643,-0.0002752774402951519,-0.8091643213554316,0.6800026111745248,-0.5453829667656004,-2.5888847128647274,-4.115681612293365e-05,0.0,0.0,0.0,False,False,0.0,0.0,0.0,False,False,0.7768400570811871,0.6391804882196538,0.4847434428842572,0.0002752774402951519,2.579212544750643,0.8091643213554316,0.6800026111745248,0.5453829667656004,4.115681612293365e-05,2.5888847128647274,-750.7415,60
501.0,0.0,501.0,501,501,501.0,0.0,501.0,501,501,-779.7175,161.72986,-748.3154,-1061.2502,-534.8549,-829.4493,294.40094,-933.95953,-1155.4281,-392.46344,319963,404.1019492149353,-1.5563223,0.3602383,-1.5438725,-2.5798123,-0.8154803,-1.6555874,0.6176565,-1.8945911,-2.545566,-0.47967583,-0.097772603733765,0.8287104571820234,-0.001037354908761336,-2.350606500466248,1.7844712044806907,-0.12181974668260794,0.8411960837479244,-0.016799444774134916,-2.357392222622167,1.768038100578317,-0.7199880188099319,0.5764149459727799,-0.5228407852618855,-2.3990987839212616,-2.2055153338416175e-05,-0.7341125387405791,0.7084503922001011,-0.43895880873098947,-2.4855316504115965,-1.333592088748059e-05,0.0,0.0,0.0,False,False,0.0,0.0,0.0,False,False,0.7199880188099319,0.5764149459727799,0.5228407852618855,2.2055153338416175e-05,2.3990987839212616,0.7341125387405791,0.7084503922001011,0.43895880873098947,1.333592088748059e-05,2.4855316504115965,-750.7415,70
501.0,0.0,501.0,501,501,501.0,0.0,501.0,501,501,-861.90594,227.07996,-824.10547,-1285.8334,-546.834,-801.244,137.06679,-822.31604,-980.911,-513.8153,365053,452.8115813732147,-1.7203712,0.47773707,-1.6173493,-3.0798547,-0.8841823,-1.5992895,0.321801,-1.5818957,-2.3128426,-0.7825474,-0.12125245407203811,0.8454033563207268,-0.0035133848459592927,-2.3498232699882373,1.7650059957311193,-0.0998603030598903,0.8469408746117569,-0.006343319175138853,-2.363375424856877,1.7663239199858014,-0.7716161152032399,0.6835533699484743,-0.4310004308068516,-2.6767763951472414,-7.890229946481975e-06,-0.728319883375705,0.5971971020177137,-0.5163457409115242,-2.2848098688847136,-1.9157990681889503e-05,0.0,0.0,0.0,False,False,0.0,0.0,0.0,False,False,0.7716161152032399,0.6835533699484743,0.4310004308068516,7.890229946481975e-06,2.6767763951472414,0.728319883375705,0.5971971020177137,0.5163457409115242,1.9157990681889503e-05,2.2848098688847136,-750.7415,80
501.0,0.0,501.0,501,501,501.0,0.0,501.0,501,501,-822.56256,194.5141,-907.8755,-1028.7043,-464.53018,-823.6321,142.71242,-848.68536,-1128.78,-616.7815,410143,501.9409098625183,-1.6418413,0.4169434,-1.7754034,-2.286037,-0.75203913,-1.6439762,0.31113008,-1.6431203,-2.4644642,-0.9069743,-0.11091739833714212,0.8546309608747583,-0.003186048080542437,-2.344645042395335,1.7355819836565602,-0.11841502494239545,0.8403674154613481,-0.004926405168186529,-2.357086539415249,1.7709742824511034,-0.7119607874694464,0.6705273226329571,-0.41656444326103875,-2.174050477450769,-2.2042808092995192e-05,-0.7325015933191606,0.6297576133348063,-0.5020107220205201,-2.458852358564474,-1.765327426293123e-05,0.0,0.0,0.0,False,False,0.0,0.0,0.0,False,False,0.7119607874694464,0.6705273226329571,0.41656444326103875,2.2042808092995192e-05,2.174050477450769,0.7325015933191606,0.6297576133348063,0.5020107220205201,1.765327426293123e-05,2.458852358564474,-750.7415,90
501.0,0.0,501.0,501,501,501.0,0.0,501.0,501,501,-882.8253,228.70338,-868.2466,-1181.1938,-379.36206,-804.2919,135.6608,-849.1075,-981.3206,-546.6719,455233,583.1356539726257,-1.7621262,0.48574358,-1.8282613,-2.7456226,-0.557474,-1.6053729,0.2985355,-1.6644791,-2.362325,-0.9082502,-0.14759366197126797,0.867975366151902,-0.02689141661585497,-2.34370924109899,1.7349555264728025,-0.10810760946218619,0.8501696744838532,-0.006163563575929098,-2.358353407657727,1.747471973708126,-0.7746398809283319,0.7166670502272078,-0.4219268986033088,-2.7113683866793665,-2.969398857915334e-05,-0.7304944762863489,0.5959527800288505,-0.526615934846971,-2.3434494587218015,-1.595923922015352e-06,0.0,0.0,0.0,False,False,0.0,0.0,0.0,False,False,0.7746398809283319,0.7166670502272078,0.4219268986033088,2.969398857915334e-05,2.7113683866793665,0.7304944762863489,0.5959527800288505,0.526615934846971,1.595923922015352e-06,2.3434494587218015,-750.7415,100
501.0,0.0,501.0,501,501,501.0,0.0,501.0,501,501,-697.9017,125.97267,-669.7085,-883.3652,-538.2284,-817.2027,129.10512,-765.4436,-1059.7502,-672.9475,500323,632.3132438659668,-1.3930174,0.28938514,-1.3467748,-2.097347,-0.5580557,-1.6311431,0.29373226,-1.5809267,-2.5583656,-0.64529306,-0.15468008929863258,0.8346521761495086,-0.006055804169945945,-2.348074635471413,1.7318721795357361,-0.13488677182003803,0.8513204631057089,-0.015368095484967674,-2.3493985176154957,1.7479541116523734,-0.636911085068176,0.5187401686107146,-0.4318204642416461,-2.0727527844895914,-4.150601171956647e-05,-0.7139286174262272,0.6371353043815037,-0.38917266225596325,-2.5300532197711396,-0.00016068448016526293,0.0,0.0,0.0,False,False,0.0,0.0,0.0,False,False,0.636911085068176,0.5187401686107146,0.4318204642416461,4.150601171956647e-05,2.0727527844895914,0.7139286174262272,0.6371353043815037,0.38917266225596325,0.00016068448016526293,2.5300532197711396,-750.7415,110
501.0,0.0,501.0,501,501,501.0,0.0,501.0,501,501,-767.03735,124.85905,-752.05725,-928.17993,-525.37585,-921.92554,213.8946,-953.90894,-1241.5127,-585.6803,545413,682.9650588035583,-1.5310127,0.28898758,-1.5392133,-2.2675455,-0.57100695,-1.8401707,0.45203558,-1.9131372,-2.7808127,-0.90786254,-0.13685417013748477,0.8519680266106343,-0.008686773083508004,-2.35923927279169,1.7598549028172643,-0.11805223575314067,0.8664535126446147,-0.003433526662621431,-2.350450412867561,1.7490781150320587,-0.7091152832504768,0.5534678976443174,-0.4743112520279551,-2.1393842761707966,-4.2429085908804454e-05,-0.8196331442583801,0.7246078751216508,-0.615924558584607,-2.662144220410234,-8.006878224803282e-06,0.0,0.0,0.0,False,False,0.0,0.0,0.0,False,False,0.7091152832504768,0.5534678976443174,0.4743112520279551,4.2429085908804454e-05,2.1393842761707966,0.8196331442583801,0.7246078751216508,0.615924558584607,8.006878224803282e-06,2.662144220410234,-750.7415,120
501.0,0.0,501.0,501,501,501.0,0.0,501.0,501,501,-814.9077,150.78683,-810.8116,-1001.24817,-443.6335,-655.91064,163.40495,-598.0437,-931.22424,-445.50998,590503,733.1639740467072,-1.6265624,0.3327,-1.6545792,-2.4922857,-0.7569491,-1.3092029,0.35164446,-1.209859,-2.23316,-0.57656264,-0.12304354516430725,0.8637861084907769,-0.0020058910315302386,-2.3483127047412524,1.7501207614605963,-0.15921212573447038,0.8369259697506346,-0.017352464588675575,-2.3476729998382893,1.7610669933538872,-0.7316914794080698,0.6192137228808989,-0.4687346560064736,-2.4307456846757813,-3.938918908169553e-05,-0.5873246225775917,0.5173056451711122,-0.3591329600977909,-2.1416753393834718,-3.693082470543341e-05,0.0,0.0,0.0,False,False,0.0,0.0,0.0,False,False,0.7316914794080698,0.6192137228808989,0.4687346560064736,3.938918908169553e-05,2.4307456846757813,0.5873246225775917,0.5173056451711122,0.3591329600977909,3.693082470543341e-05,2.1416753393834718,-750.7415,130
501.0,0.0,501.0,501,501,501.0,0.0,501.0,501,501,-667.9197,190.06668,-686.3353,-988.2739,-404.41916,-916.5776,187.94899,-893.49646,-1220.9447,-625.0586,635593,782.9481358528137,-1.3331728,0.4006144,-1.3365182,-2.3608437,-0.5326013,-1.8294964,0.3895888,-1.8072737,-2.7303877,-1.1415673,-0.14664653049620754,0.8464167721469651,-0.009839336487495302,-2.356690335476089,1.7737318616735642,-0.12605244735454096,0.8665730068052382,-0.014614333440125811,-2.364462144914666,1.73225267571544,-0.6075249956788752,0.5261755381527509,-0.43183588249219285,-2.356120116605378,-2.5216911508391116e-05,-0.8099752199201135,0.7142960106222717,-0.4368261576861594,-2.679519078880651,-0.0002119141524880505,0.0,0.0,0.0,False,False,0.0,0.0,0.0,False,False,0.6075249956788752,0.5261755381527509,0.43183588249219285,2.5216911508391116e-05,2.356120116605378,0.8099752199201135,0.7142960106222717,0.4368261576861594,0.0002119141524880505,2.679519078880651,-750.7415,140
501.0,0.0,501.0,501,501,501.0,0.0,501.0,501,501,-773.6209,189.35666,-811.8381,-1098.5239,-406.92413,-864.1323,153.93803,-903.4257,-1080.1512,-605.4136,680738,833.679523229599,-1.5441537,0.39403564,-1.5892036,-2.3904514,-0.62742734,-1.7248151,0.3271616,-1.7616029,-2.3655984,-0.73450977,-0.15023787286831491,0.8666053743930924,-0.008915158832226443,-2.3490621975579105,1.7417307135562308,-0.14558957823436458,0.8674496649777711,-0.004288697188627746,-2.3459352030795766,1.726866296808991,-0.672628300204295,0.627797213237256,-0.3982339685341789,-2.3771202319835125,-1.9217324037770767e-05,-0.7313828661158733,0.7017261583841331,-0.372703008876648,-2.3492234790958904,-8.722648606969419e-05,0.0,0.0,0.0,False,False,0.0,0.0,0.0,False,False,0.672628300204295,0.627797213237256,0.3982339685341789,1.9217324037770767e-05,2.3771202319835125,0.7313828661158733,0.7017261583841331,0.372703008876648,8.722648606969419e-05,2.3492234790958904,-750.7415,150
501.0,0.0,501.0,501,501,501.0,0.0,501.0,501,501,-791.05396,165.29654,-814.8803,-1003.75146,-482.44333,-788.65356,300.19318,-775.62646,-1397.2119,-392.7248,725854,882.5851895809174,-1.5789499,0.35798702,-1.6305702,-2.7119184,-0.78577465,-1.5741588,0.6094052,-1.6080111,-2.9532006,-0.36105984,-0.15836345160860912,0.8619393956897958,-0.009683300730951225,-2.3529284727082436,1.8409129634557246,-0.13191095403002645,0.8734169566887116,-0.008272419310948062,-2.3596837794942473,1.9288587109930855,-0.703063049503203,0.6159937265426918,-0.40953399027506293,-2.4404963347729893,-5.962792219421642e-05,-0.7028164837355136,0.6751537314612011,-0.40400839341953143,-2.8909515342973586,-6.781108888048726e-05,0.0,0.0,0.0,False,False,0.0,0.0,0.0,False,False,0.703063049503203,0.6159937265426918,0.40953399027506293,5.962792219421642e-05,2.4404963347729893,0.7028164837355136,0.6751537314612011,0.40400839341953143,6.781108888048726e-05,2.8909515342973586,-750.7415,160
501.0,0.0,501.0,501,501,501.0,0.0,501.0,501,501,-803.5561,151.68109,-792.1056,-980.8157,-433.68176,-795.6052,156.00424,-786.6083,-1125.0698,-598.0065,770944,931.7862687110901,-1.6039044,0.31573898,-1.6527885,-2.1698523,-0.7790917,-1.5880344,0.3311869,-1.5542926,-2.678142,-0.797917,-0.12461595406594361,0.8858396114955764,-0.0021769462653843663,-2.3608414082462685,1.7543323508009532,-0.12433847994787148,0.8769863789710064,-0.004033831483838282,-2.354732830997385,1.7441165096161542,-0.691879993099808,0.6418999806945882,-0.3624129451705371,-2.121008087519424,-4.181075422449165e-05,-0.6889556744109151,0.6344442564507784,-0.3854443304306967,-2.642376790795027,-0.00022092063803141188,0.0,0.0,0.0,False,False,0.0,0.0,0.0,False,False,0.691879993099808,0.6418999806945882,0.3624129451705371,4.181075422449165e-05,2.121008087519424,0.6889556744109151,0.6344442564507784,0.3854443304306967,0.00022092063803141188,2.642376790795027,-750.7415,170
501.0,0.0,501.0,501,501,501.0,0.0,501.0,501,501,-627.9974,150.62962,-632.67596,-924.4414,-411.1598,-771.5718,101.55591,-747.9524,-915.6121,-609.00385,816034,980.8246378898621,-1.2534878,0.31718716,-1.2657511,-2.1808536,-0.7251566,-1.5400633,0.22057526,-1.4841255,-2.2374065,-0.88266075,-0.12458752468164504,0.8791492290920508,-0.00375473924400911,-2.3516938895370423,1.7427775400184624,-0.09846905822422966,0.8971454443391609,0.004167573582428211,-2.354021005001959,1.7514821504475637,-0.5672921061024655,0.4852416068687992,-0.4238117236315416,-2.1219265324986143,-1.3291574763721337e-05,-0.7037271954147853,0.5581973836789527,-0.6237285961909651,-2.1628420061989617,-9.826876413641938e-05,0.0,0.0,0.0,False,False,0.0,0.0,0.0,False,False,0.5672921061024655,0.4852416068687992,0.4238117236315416,1.3291574763721337e-05,2.1219265324986143,0.7037271954147853,0.5581973836789527,0.6237285961909651,9.826876413641938e-05,2.1628420061989617,-750.7415,180
501.0,0.0,501.0,501,501,501.0,0.0,501.0,501,501,-695.42804,220.37442,-714.7632,-1092.2466,-285.8521,-742.21594,243.922,-770.13715,-1332.2825,-406.3559,861124,1029.8496170043945,-1.38808,0.455879,-1.4770548,-2.7226832,-0.4626074,-1.4814689,0.49779227,-1.4994923,-2.8464723,-0.3175414,-0.12230929698857576,0.8888209137967357,-0.013974960585340408,-2.3491677558400488,1.7641455016816838,-0.11157678341230248,0.8991690632570734,-0.0013365856472589259,-2.348564795122595,1.892586549465265,-0.6197630090498402,0.5722100471262368,-0.4520508192188294,-2.419730138084872,-2.4846250208473974e-05,-0.6614825567301965,0.6136963899227509,-0.4071068714947115,-2.7757383367195683,-0.00015364561777900243,0.0,0.0,0.0,False,False,0.0,0.0,0.0,False,False,0.6197630090498402,0.5722100471262368,0.4520508192188294,2.4846250208473974e-05,2.419730138084872,0.6614825567301965,0.6136963899227509,0.4071068714947115,0.00015364561777900243,2.7757383367195683,-750.7415,190
501.0,0.0,501.0,501,501,501.0,0.0,501.0,501,501,-760.17664,119.46752,-707.65344,-1016.7141,-654.3616,-695.32196,111.22664,-692.1454,-843.2987,-520.8353,906233,1109.7253370285034,-1.5173186,0.2556901,-1.4173354,-2.3301182,-0.8677128,-1.387868,0.24914727,-1.3907831,-2.0380464,-0.51020586,-0.10008766079470037,0.9028472019256925,-0.004889173820507105,-2.347203783160299,1.7728973916481459,-0.11723236041532249,0.8881959272801853,-0.007272292505907095,-2.356301229348655,1.7759756306214174,-0.6669736973598415,0.5868195434399321,-0.4464232896907312,-2.3193822303482037,-3.512171732481667e-05,-0.6042530659287457,0.5455538112990772,-0.33471314006667274,-1.9494862541062323,-1.724363314629246e-05,0.0,0.0,0.0,False,False,0.0,0.0,0.0,False,False,0.6669736973598415,0.5868195434399321,0.4464232896907312,3.512171732481667e-05,2.3193822303482037,0.6042530659287457,0.5455538112990772,0.33471314006667274,1.724363314629246e-05,1.9494862541062323,-750.7415,200
501.0,0.0,501.0,501,501,501.0,0.0,501.0,501,501,-801.2005,156.87717,-715.4817,-1027.9631,-574.7768,-754.3677,150.32327,-746.76965,-1053.2505,-527.3121,951062,1158.4706766605377,-1.5992026,0.32413045,-1.4509913,-2.1921315,-0.4641207,-1.5057238,0.31776142,-1.4589379,-2.2446442,-0.5173011,-0.09736170805182408,0.9101835577088224,-0.0003313970854076035,-2.371187410516462,1.7516925262401324,-0.1166899702561795,0.8998005222505511,-0.0021905458859235788,-2.375264361319702,1.7472740523970516,-0.7013024918339394,0.6290295089074877,-0.47056882747012346,-2.165428709419048,-1.877209040877098e-05,-0.6717288710117344,0.5815260580915015,-0.5348615740385944,-2.175022049873678,-7.914648092029186e-06,0.0,0.0,0.0,False,False,0.0,0.0,0.0,False,False,0.7013024918339394,0.6290295089074877,0.47056882747012346,1.877209040877098e-05,2.165428709419048,0.6717288710117344,0.5815260580915015,0.5348615740385944,7.914648092029186e-06,2.175022049873678,-750.7415,210
501.0,0.0,501.0,501,501,501.0,0.0,501.0,501,501,-763.47186,215.45804,-716.17334,-1099.518,-411.79156,-673.84686,104.42521,-658.8142,-811.69257,-450.14697,996152,1207.2763991355896,-1.523896,0.43808106,-1.4459107,-2.4227822,-0.6688368,-1.3450037,0.22650644,-1.3699036,-1.9709895,-0.54348177,-0.09815477325601804,0.9230749333642315,-0.0012579230756872657,-2.3550395302649623,1.7708936691706834,-0.09514775233314754,0.9202887395130228,-0.0022281380265170847,-2.352568444936667,1.7458292057157248,-0.6647398288088917,0.6294275152518573,-0.4152944087311727,-2.402555987485326,-1.632580531528427e-05,-0.6120449828172071,0.49549395902319177,-0.41978835972103373,-1.9610830784690672,-0.0002980061876885487,0.0,0.0,0.0,False,False,0.0,0.0,0.0,False,False,0.6647398288088917,0.6294275152518573,0.4152944087311727,1.632580531528427e-05,2.402555987485326,0.6120449828172071,0.49549395902319177,0.41978835972103373,0.0002980061876885487,1.9610830784690672,-750.7415,220
501.0,0.0,501.0,501,501,501.0,0.0,501.0,501,501,-703.0931,195.38168,-677.6526,-1068.39,-410.12518,-736.6217,207.68445,-670.1025,-1238.6663,-499.2707,1041242,1256.0783264636993,-1.4033794,0.4039883,-1.3146644,-2.3267124,-0.7591499,-1.4703028,0.42581984,-1.3327068,-2.6894581,-0.92797023,-0.11064986673594955,0.9134964950083279,-0.004820313617000117,-2.3652611036374056,1.7391210793301395,-0.10860745870187444,0.9221078981170477,-0.0002457063638219454,-2.3505186400268046,1.7511115668946926,-0.6191752416826657,0.5722896750323102,-0.3325472602360738,-2.3012231389993625,-1.964401438458996e-05,-0.6327567443332257,0.6169736379951689,-0.3674450158179407,-2.6843572333199206,-0.0001364682230090425,0.0,0.0,0.0,False,False,0.0,0.0,0.0,False,False,0.6191752416826657,0.5722896750323102,0.3325472602360738,1.964401438458996e-05,2.3012231389993625,0.6327567443332257,0.6169736379951689,0.3674450158179407,0.0001364682230090425,2.6843572333199206,-750.7415,230
501.0,0.0,501.0,501,501,501.0,0.0,501.0,501,501,-676.1871,136.73074,-723.4741,-856.14453,-437.69724,-718.9913,169.64984,-782.51917,-972.1776,-444.93555,1086332,1305.1896214485168,-1.3496748,0.2830094,-1.4493957,-2.0792627,-0.79491585,-1.4351124,0.35008195,-1.523954,-2.0890899,-0.70005876,-0.10590790735107451,0.9179570338621239,0.000610950350025893,-2.3598027092579663,1.7355233699394843,-0.09867197642918803,0.9187583847505498,-0.007617688292449796,-2.362427202800468,1.742860714139215,-0.6210327562429946,0.49822059660866974,-0.4135222234055512,-2.058066620205834,-9.854942877354778e-05,-0.6555418768601661,0.5455576435049669,-0.4762889739985527,-2.0192017199526315,-2.0259960006679956e-05,0.0,0.0,0.0,False,False,0.0,0.0,0.0,False,False,0.6210327562429946,0.49822059660866974,0.4135222234055512,9.854942877354778e-05,2.058066620205834,0.6555418768601661,0.5455576435049669,0.4762889739985527,2.0259960006679956e-05,2.0192017199526315,-750.7415,240
501.0,0.0,501.0,501,501,501.0,0.0,501.0,501,501,-729.1243,196.62173,-745.89954,-1107.8999,-313.69946,-763.3484,240.1084,-788.29944,-1115.119,-346.3426,1131422,1354.0402908325195,-1.455338,0.40411693,-1.4804444,-2.412172,-0.5654026,-1.5236496,0.48431298,-1.5463605,-2.426306,-0.6053506,-0.09592449850135132,0.9256323870962008,-0.0004068069606268909,-2.361777964965983,1.7444878453918657,-0.08867225803960481,0.9280997471743271,-0.0005706097671236688,-2.3479607053971487,1.7476653268594708,-0.6559100165295677,0.5746492821825377,-0.424125833006707,-2.395573618860911,-0.00020030686336980352,-0.6705735179802365,0.634313345324277,-0.36589232642015124,-2.3907803426307463,-0.0001067725635787789,0.0,0.0,0.0,False,False,0.0,0.0,0.0,False,False,0.6559100165295677,0.5746492821825377,0.424125833006707,0.00020030686336980352,2.395573618860911,0.6705735179802365,0.634313345324277,0.36589232642015124,0.0001067725635787789,2.3907803426307463,-750.7415,250
501.0,0.0,501.0,501,501,501.0,0.0,501.0,501,501,-808.084,133.46371,-763.92676,-1034.73,-624.3943,-773.32635,182.74811,-753.32416,-1086.0374,-533.84644,1176137,1402.6204357147217,-1.6129421,0.2727927,-1.5302067,-2.25796,-1.0141075,-1.5435655,0.37469935,-1.5105311,-2.3450785,-0.98681486,-0.0827092711369115,0.9306408472470262,0.00039390731661014347,-2.3489444328710087,1.7645303748503915,-0.09333822185008668,0.9362113390002957,-0.0034346577214786848,-2.3611169733057813,1.7559419109151373,-0.7280117751923337,0.601662907523073,-0.5118570589925806,-2.1771349303701166,-0.00028067156991806036,-0.6785027791843687,0.6169539023568267,-0.3350695615248971,-2.316532314321677,-5.7496392888295444e-05,0.0,0.0,0.0,False,False,0.0,0.0,0.0,False,False,0.7280117751923337,0.601662907523073,0.5118570589925806,0.00028067156991806036,2.1771349303701166,0.6785027791843687,0.6169539023568267,0.3350695615248971,5.7496392888295444e-05,2.316532314321677,-750.7415,260
501.0,0.0,501.0,501,501,501.0,0.0,501.0,501,501,-756.61975,113.70931,-749.531,-996.0503,-616.1675,-636.18146,167.94557,-622.6885,-1039.9868,-370.42123,1221227,1452.3165035247803,-1.510219,0.23577164,-1.4753747,-2.2647924,-0.58098453,-1.2698234,0.34489474,-1.2411834,-2.3069665,-0.59685785,-0.07852686419639536,0.9309038636577914,0.0012198160755060555,-2.347756741158547,1.7522974572854844,-0.08488160272974947,0.9310203734229296,-0.0011172254343911195,-2.360159300590942,1.7561844729336247,-0.6599477094401296,0.585877308603527,-0.3750110297799586,-2.2291290540268442,-0.0002524200656016662,-0.6029768264199392,0.4621185208328637,-0.6187854590492273,-2.2830547914196435,-7.112027297724588e-05,0.0,0.0,0.0,False,False,0.0,0.0,0.0,False,False,0.6599477094401296,0.585877308603527,0.3750110297799586,0.0002524200656016662,2.2291290540268442,0.6029768264199392,0.4621185208328637,0.6187854590492273,7.112027297724588e-05,2.2830547914196435,-750.7415,270
501.0,0.0,501.0,501,501,501.0,0.0,501.0,501,501,-668.11206,189.17734,-624.90515,-927.0725,-356.16516,-724.6206,124.87887,-681.4036,-1024.1309,-567.25854,1266317,1502.3543229103088,-1.333557,0.38608742,-1.1990969,-2.050247,-0.6688341,-1.4463487,0.25803643,-1.3509448,-2.219182,-0.8772522,-0.09225742805030512,0.9297138355370467,-0.0013793019984388844,-2.3610440971401236,1.7461254788173541,-0.07613490027045479,0.9405643149012396,0.00032537779398573855,-2.364593885003693,1.7574983788601375,-0.6056994717842518,0.5249833165878592,-0.3784640775813165,-1.9995697576296994,-0.00018596555270705695,-0.6408896933454008,0.555664230896507,-0.44025348937212294,-2.1852552302661383,-1.2357958558653626e-05,0.0,0.0,0.0,False,False,0.0,0.0,0.0,False,False,0.6056994717842518,0.5249833165878592,0.3784640775813165,0.00018596555270705695,1.9995697576296994,0.6408896933454008,0.555664230896507,0.44025348937212294,1.2357958558653626e-05,2.1852552302661383,-750.7415,280
501.0,0.0,501.0,501,501,501.0,0.0,501.0,501,501,-851.76117,229.25201,-866.86633,-1239.4628,-545.0918,-753.2454,240.17986,-739.2582,-1176.751,-401.79163,1311407,1551.5064146518707,-1.7001221,0.46699736,-1.7197063,-2.605793,-0.8773293,-1.5034839,0.48478952,-1.4483911,-2.449587,-0.74640226,-0.06445044941481608,0.9541022531202407,0.0006498277583093865,-2.3714050894309815,1.754539377803329,-0.07310731460040226,0.9475828993464556,0.0006518837832253638,-2.358394351066964,1.7636289364148696,-0.7496210126869769,0.6886476457222811,-0.4864394820504063,-2.59727663138533,-6.480737925965152e-05,-0.6538218655208838,0.6358815063714941,-0.3602327013159695,-2.4220424982215256,-9.958057978644297e-05,0.0,0.0,0.0,False,False,0.0,0.0,0.0,False,False,0.7496210126869769,0.6886476457222811,0.4864394820504063,6.480737925965152e-05,2.59727663138533,0.6538218655208838,0.6358815063714941,0.3602327013159695,9.958057978644297e-05,2.4220424982215256,-750.7415,290
501.0,0.0,501.0,501,501,501.0,0.0,501.0,501,501,-833.62134,187.16725,-777.98584,-1205.7241,-548.3594,-714.9022,124.78698,-667.9345,-927.002,-563.5991,1356497,1633.5326969623566,-1.6639148,0.3856056,-1.5454562,-2.5565336,-0.81863284,-1.4269506,0.26242682,-1.3480945,-2.555524,-0.7222837,-0.07510884844530344,0.9367744865600235,-0.0005708320048088318,-2.3700383285427313,1.7420015847274155,-0.07812504391829483,0.9289280766203486,0.0002825598122021878,-2.3582866621784486,1.7871985488688906,-0.7311141566687506,0.6617452603361237,-0.37662687686858,-2.527601566694911,-0.00013284455657349564,-0.6482019085933293,0.5305841444249039,-0.4097416610500024,-2.3875070128897207,-0.0002244578626678928,0.0,0.0,0.0,False,False,0.0,0.0,0.0,False,False,0.7311141566687506,0.6617452603361237,0.37662687686858,0.00013284455657349564,2.527601566694911,0.6482019085933293,0.5305841444249039,0.4097416610500024,0.0002244578626678928,2.3875070128897207,-750.7415,300
501.0,0.0,501.0,501,501,501.0,0.0,501.0,501,501,-682.5106,165.05878,-730.7721,-958.8557,-354.0894,-743.4439,203.10478,-831.65466,-1046.8577,-421.9312,1401587,1682.5358908176422,-1.3622967,0.3378553,-1.4257586,-2.0628676,-0.621425,-1.48392,0.4137523,-1.6548165,-2.2169595,-0.56884515,-0.09788391872964965,0.9203941632437709,0.0007079939422020656,-2.3547768370576283,1.7700233462172505,-0.09595475274046522,0.9269240499060883,-0.00015723070719101854,-2.364975669390282,1.7444923710520615,-0.6229936113255821,0.5182133830352228,-0.42971525971767977,-2.0105427523176673,-0.00046429025088111364,-0.6667805206937316,0.5886200121755425,-0.45270625836108375,-2.2011984310436405,-0.00036389401927749976,0.0,0.0,0.0,False,False,0.0,0.0,0.0,False,False,0.6229936113255821,0.5182133830352228,0.42971525971767977,0.00046429025088111364,2.0105427523176673,0.6667805206937316,0.5886200121755425,0.45270625836108375,0.00036389401927749976,2.2011984310436405,-750.7415,310
501.0,0.0,501.0,501,501,454.2,140.39999999999998,501.0,33,501,-746.24994,163.6956,-697.25854,-965.6616,-529.9834,-721.3236,267.0369,-737.4568,-1122.9639,-16.93454,1446677,1732.4916942119598,-1.4895209,0.33351743,-1.4190643,-2.0838726,-0.95149046,-1.5881189,0.29309928,-1.5017266,-2.4171357,-0.2887932,-0.08598840772387233,0.9362426964227897,-0.003300249136595248,-2.355515552226096,1.7434274399512142,-0.0803705981808619,0.9363325165337396,-0.0019285010704646324,-2.363687725526805,1.7474477456589845,-0.6610775940193543,0.5827622841209683,-0.37140919432217884,-2.0719462075948667,-5.20772618302634e-05,-0.719390927528193,0.5931438871887439,-0.4622353754701832,-2.326157699605774,-1.2100943318937851e-05,0.0,0.0,0.0,False,False,0.00022016732716864817,0.014836402984439846,0.0,False,True,0.6610775940193543,0.5827622841209683,0.37140919432217884,5.20772618302634e-05,2.0719462075948667,0.719390927528193,0.5931438871887439,0.4622353754701832,1.2100943318937851e-05,2.326157699605774,-750.7415,320
501.0,0.0,501.0,501,501,501.0,0.0,501.0,501,501,-694.832,126.59546,-705.04834,-961.67004,-508.14783,-748.78595,179.67091,-785.6852,-1021.2961,-425.9748,1491767,1781.5348575115204,-1.3868902,0.26021942,-1.4122417,-2.012883,-0.78807056,-1.4945829,0.3649615,-1.5739412,-2.2696111,-0.76675206,-0.07879182038019344,0.9364878993799076,0.002000639064221948,-2.3705675169367155,1.791433061210223,-0.07489456340543087,0.9473150421200656,-0.0002829812801000698,-2.3617566873516433,1.7431508850698108,-0.6418899415827531,0.5017006240105196,-0.518324213237817,-1.9105440414751151,-5.884012636657443e-05,-0.6866860892308945,0.563430373091347,-0.48836582316201027,-2.260057066925719,-0.0005785029184479373,0.0,0.0,0.0,False,False,0.0,0.0,0.0,False,False,0.6418899415827531,0.5017006240105196,0.518324213237817,5.884012636657443e-05,1.9105440414751151,0.6866860892308945,0.563430373091347,0.48836582316201027,0.0005785029184479373,2.260057066925719,-750.7415,330
501.0,0.0,501.0,501,501,501.0,0.0,501.0,501,501,-789.24493,157.99052,-761.34973,-1064.5148,-586.6897,-670.92017,148.26787,-688.7318,-912.0503,-385.27014,1536893,1830.4205060005188,-1.5753393,0.32565942,-1.5308434,-2.321085,-0.99155545,-1.3391621,0.30772614,-1.3811148,-2.058629,-0.6766005,-0.07767558293028576,0.9484897486831007,-0.002182904697328295,-2.3634163914604187,1.7414890516551083,-0.08736226143044648,0.9384482898378995,7.030870388684607e-05,-2.371944085147219,1.756240386701453,-0.7109081478837469,0.5976556074060165,-0.5223167809897262,-2.241109870412414,-0.000138293891329605,-0.598829093121425,0.5203401217679489,-0.4098046865580728,-2.0275356366807293,-1.4791129504226896e-05,0.0,0.0,0.0,False,False,0.0,0.0,0.0,False,False,0.7109081478837469,0.5976556074060165,0.5223167809897262,0.000138293891329605,2.241109870412414,0.598829093121425,0.5203401217679489,0.4098046865580728,1.4791129504226896e-05,2.0275356366807293,-750.7415,340
501.0,0.0,501.0,501,501,501.0,0.0,501.0,501,501,-736.40454,228.60777,-701.82263,-1118.0759,-360.56708,-721.75684,121.22543,-713.9169,-937.88617,-517.66113,1581983,1879.732938528061,-1.4698693,0.4619461,-1.4187684,-2.390318,-0.50800186,-1.4406325,0.25567392,-1.426083,-2.2147381,-0.93104315,-0.08137122395888212,0.9557382660440932,-0.0015963090991943335,-2.3519591588615993,1.7438913256899438,-0.08217415925692124,0.9428908218421359,8.08292020401491e-05,-2.359043496003041,1.7611013175748171,-0.652548494790851,0.6045525649958906,-0.45819697447061125,-2.3802838791450878,-1.0642399902116573e-05,-0.629580453843271,0.5632276480018783,-0.36395816862403874,-1.9737575497670359,-0.00034222456518390176,0.0,0.0,0.0,False,False,0.0,0.0,0.0,False,False,0.652548494790851,0.6045525649958906,0.45819697447061125,1.0642399902116573e-05,2.3802838791450878,0.629580453843271,0.5632276480018783,0.36395816862403874,0.00034222456518390176,1.9737575497670359,-750.7415,350
501.0,0.0,501.0,501,501,501.0,0.0,501.0,501,501,-643.4821,138.8732,-645.29675,-918.3419,-461.1451,-782.6035,131.51956,-727.79443,-1017.05774,-612.1609,1627102,1928.5579280853271,-1.2843955,0.28767997,-1.304915,-2.0408688,-0.7401334,-1.5620829,0.27267954,-1.4415797,-2.1900148,-1.0134897,-0.09031527092596586,0.9359609992538607,-0.00334519351046947,-2.3784640910319,1.745036977416561,-0.06227367055460641,0.953061076425893,4.7248933699793784e-05,-2.3518830585339043,1.7423269798073093,-0.5779719682708352,0.49338169501348533,-0.3635025411877232,-2.021065439170501,-8.612406237620829e-05,-0.7218336468672586,0.5631238630940804,-0.6112027883706939,-2.1786538911991564,-0.00038740835547146357,0.0,0.0,0.0,False,False,0.0,0.0,0.0,False,False,0.5779719682708352,0.49338169501348533,0.3635025411877232,8.612406237620829e-05,2.021065439170501,0.7218336468672586,0.5631238630940804,0.6112027883706939,0.00038740835547146357,2.1786538911991564,-750.7415,360
501.0,0.0,501.0,501,501,501.0,0.0,501.0,501,501,-757.8734,226.29846,-836.1682,-1064.7212,-392.64362,-767.7327,139.09499,-814.8677,-951.8972,-474.56625,1672192,1977.4197313785553,-1.5127215,0.45921537,-1.6570657,-2.2562382,-0.6608898,-1.5324006,0.2852718,-1.6196373,-2.2439952,-0.8913163,-0.07419663425996831,0.9525473478184737,-0.0015835422526908694,-2.3653591383388815,1.7568339382056537,-0.06581135700604507,0.9476365617560704,-0.0013263887113184958,-2.368037046050767,1.7539568243972015,-0.6981015358706568,0.5879818113562278,-0.49981247815594,-2.2285465461922405,-0.0001040830313271718,-0.6898696813379078,0.5778901382340513,-0.4015842243236729,-1.9574133808711645,-7.736078244555133e-05,0.0,0.0,0.0,False,False,0.0,0.0,0.0,False,False,0.6981015358706568,0.5879818113562278,0.49981247815594,0.0001040830313271718,2.2285465461922405,0.6898696813379078,0.5778901382340513,0.4015842243236729,7.736078244555133e-05,1.9574133808711645,-750.7415,370
501.0,0.0,501.0,501,501,501.0,0.0,501.0,501,501,-661.6396,158.26097,-637.0737,-900.16956,-473.43228,-854.78394,157.07808,-792.05914,-1186.7882,-699.5825,1717282,2027.151288986206,-1.320638,0.3265495,-1.2725004,-1.9966067,-0.85342115,-1.7061557,0.32406515,-1.561668,-2.648765,-1.1606408,-0.083890343547607,0.9439092426104583,-0.0017445666729908617,-2.3798868093955483,1.742918851480193,-0.06366148545657481,0.958788368748559,-0.0030275248955857004,-2.3637873876343503,1.741578229826478,-0.5963058041770135,0.5112003069460533,-0.3680558662872748,-1.8901861821603503,-5.458096766339238e-05,-0.7444854739150857,0.6716173282463376,-0.40803752946513516,-2.4799300237372837,-6.733207921275075e-05,0.0,0.0,0.0,False,False,0.0,0.0,0.0,False,False,0.5963058041770135,0.5112003069460533,0.3680558662872748,5.458096766339238e-05,1.8901861821603503,0.7444854739150857,0.6716173282463376,0.40803752946513516,6.733207921275075e-05,2.4799300237372837,-750.7415,380
501.0,0.0,501.0,501,501,501.0,0.0,501.0,501,501,-741.1985,180.41551,-706.71814,-989.63916,-403.9026,-708.14325,188.71693,-697.89026,-1074.1096,-420.59412,1762372,2077.813234567642,-1.4794382,0.36615685,-1.4086422,-2.1792889,-0.44135922,-1.4134595,0.38537478,-1.3996633,-2.2856982,-0.6103763,-0.06652388206094789,0.9494215289862972,0.0006995774734639453,-2.360168180022805,1.7465923878865028,-0.07486055817887387,0.9468441100711644,-0.0005219496246915537,-2.3584896173945005,1.7510666877070113,-0.6456458474192538,0.5978384093644129,-0.3730224680647838,-2.123143733101257,-6.33309150380873e-06,-0.6198755980938276,0.5755126315999579,-0.3936811427903233,-2.174367359990434,-3.592564111616625e-05,0.0,0.0,0.0,False,False,0.0,0.0,0.0,False,False,0.6456458474192538,0.5978384093644129,0.3730224680647838,6.33309150380873e-06,2.123143733101257,0.6198755980938276,0.5755126315999579,0.3936811427903233,3.592564111616625e-05,2.174367359990434,-750.7415,390
501.0,0.0,501.0,501,501,501.0,0.0,501.0,501,501,-659.6721,180.33325,-634.08435,-973.33594,-389.10928,-691.43646,160.73058,-653.28265,-1000.6172,-397.972,1807462,2158.5322897434235,-1.3167107,0.36667857,-1.2373582,-2.0804317,-0.63157666,-1.3801128,0.3277958,-1.3216841,-2.1812313,-0.74277,-0.08795747062941038,0.9304681469888963,-0.0009383010641651028,-2.383161086693467,1.745284219927725,-0.08641386473370129,0.9380977595429095,-0.0010964493386171397,-2.355924601735939,1.7507217233144017,-0.6057104491148155,0.5058079524548085,-0.4503950109539878,-2.0573207841198595,-5.9477562470752754e-05,-0.616399230859627,0.5392331917177462,-0.3634095929470299,-2.1595977658074177,-2.4811543714533266e-05,0.0,0.0,0.0,False,False,0.0,0.0,0.0,False,False,0.6057104491148155,0.5058079524548085,0.4503950109539878,5.9477562470752754e-05,2.0573207841198595,0.616399230859627,0.5392331917177462,0.3634095929470299,2.4811543714533266e-05,2.1595977658074177,-750.7415,400
501.0,0.0,501.0,501,501,501.0,0.0,501.0,501,501,-707.88696,121.81639,-687.59875,-966.7789,-548.15027,-743.4961,101.888306,-765.5835,-883.594,-579.79083,1852552,2207.630351781845,-1.4129483,0.25627127,-1.4034662,-2.2601893,-0.74826473,-1.4840242,0.2232984,-1.5207103,-2.1064942,-0.8123702,-0.08034161885754695,0.9317854278266612,-6.108904938123307e-05,-2.361317219278409,1.7453009779361222,-0.0936480341469697,0.9340580870179813,-0.003037145266055843,-2.3482812909304593,1.7530985522977154,-0.6574956849453725,0.505039846841635,-0.5691852951936037,-2.117412155054277,-0.00022537823212220864,-0.650717168665125,0.5720988417073061,-0.34924925252917877,-2.021579924428814,-8.661848975007047e-05,0.0,0.0,0.0,False,False,0.0,0.0,0.0,False,False,0.6574956849453725,0.505039846841635,0.5691852951936037,0.00022537823212220864,2.117412155054277,0.650717168665125,0.5720988417073061,0.34924925252917877,8.661848975007047e-05,2.021579924428814,-750.7415,410
460.55555555555554,114.39416371195702,501.0,137,501,501.0,0.0,501.0,501,501,-660.2702,259.3634,-722.4174,-966.81274,-85.47982,-685.3431,195.34155,-747.66034,-971.1905,-396.55676,1897673,2256.3721084594727,-1.4336386,0.37450337,-1.4676433,-2.2043774,-0.29833913,-1.3679503,0.39823863,-1.5052651,-2.0870266,-0.644953,-0.06977231816409661,0.939437295165327,-0.00043370000069754746,-2.3636702011468573,1.7366245052759415,-0.08551905218604194,0.9350962382078635,-0.003914201519673918,-2.365340604935921,1.7282952996796854,-0.6531832004051812,0.5524573565267826,-0.48042977726231184,-2.046163510547381,-2.4119039778014288e-06,-0.6133347088808381,0.5481313003927898,-0.38298681862524986,-2.074898317093875,-9.930570632327163e-05,0.00024125452352231604,0.015530496443359307,0.0,False,True,0.0,0.0,0.0,False,False,0.6531832004051812,0.5524573565267826,0.48042977726231184,2.4119039778014288e-06,2.046163510547381,0.6133347088808381,0.5481313003927898,0.38298681862524986,9.930570632327163e-05,2.074898317093875,-750.7415,420
501.0,0.0,501.0,501,501,501.0,0.0,501.0,501,501,-771.10406,208.0951,-848.9354,-1049.163,-509.69403,-699.4183,192.3883,-661.89246,-1102.2124,-500.60498,1942763,2305.2074949741364,-1.5391299,0.42333448,-1.6678935,-2.2188597,-0.72900134,-1.3960445,0.3979402,-1.2932564,-2.3529139,-0.5011008,-0.06964786083587497,0.9466120484239089,-0.0009253833725819929,-2.3681530498638246,1.734587158499161,-0.07880549560909848,0.939596698913686,-0.0007492064158106917,-2.3666739412069315,1.7573194974737356,-0.6807322530070997,0.621273876039124,-0.4827727356789181,-2.155329986544505,-0.0003158266018983766,-0.6637992894814286,0.5116666009042892,-0.581024909916803,-2.1419031050078408,-2.1136137453678372e-05,0.0,0.0,0.0,False,False,0.0,0.0,0.0,False,False,0.6807322530070997,0.621273876039124,0.4827727356789181,0.0003158266018983766,2.155329986544505,0.6637992894814286,0.5116666009042892,0.581024909916803,2.1136137453678372e-05,2.1419031050078408,-750.7415,430
501.0,0.0,501.0,501,501,501.0,0.0,501.0,501,501,-857.3446,195.9411,-869.9448,-1161.6875,-544.8008,-734.3651,192.69049,-709.31824,-1011.16077,-370.15445,1987853,2354.417514562607,-1.7112668,0.39991245,-1.7296365,-2.5407631,-0.9541288,-1.4657987,0.39259326,-1.3984157,-2.1658406,-0.4482653,-0.07413405446640568,0.9528915278564065,-0.0021058732034474423,-2.371286935959353,1.7340027657296007,-0.08592341271201154,0.9308070942391566,-0.004296383304012644,-2.3587601493209576,1.7392977622177543,-0.763469174349343,0.668258463709199,-0.48751169871292177,-2.4159326832101127,-9.133941585054081e-05,-0.6634243566506165,0.5722177936529407,-0.40994367435340695,-2.0894590735771787,-0.00013440969496616995,0.0,0.0,0.0,False,False,0.0,0.0,0.0,False,False,0.763469174349343,0.668258463709199,0.48751169871292177,9.133941585054081e-05,2.4159326832101127,0.6634243566506165,0.5722177936529407,0.40994367435340695,0.00013440969496616995,2.0894590735771787,-750.7415,440
501.0,0.0,501.0,501,501,501.0,0.0,501.0,501,501,-714.9317,131.41788,-711.6755,-871.7794,-520.17737,-738.4381,106.405876,-754.578,-907.40356,-550.7229,2032996,2403.792846918106,-1.4270095,0.27369785,-1.4042094,-2.0178223,-0.8351805,-1.4739282,0.23220764,-1.5079032,-2.103208,-0.5012737,-0.08595600267170113,0.9320008175555609,0.00013573211179781025,-2.375224947726508,1.733812449115179,-0.07760971093192054,0.941476109511035,-0.0004462888872148512,-2.378810894944626,1.7463206984266104,-0.6399407428800182,0.542430936186493,-0.3810615538799272,-1.928824040854474,-5.447612583965589e-05,-0.6759489971500333,0.5340611277095676,-0.5470293545934098,-2.0774655467483334,-0.00018063994475306377,0.0,0.0,0.0,False,False,0.0,0.0,0.0,False,False,0.6399407428800182,0.542430936186493,0.3810615538799272,5.447612583965589e-05,1.928824040854474,0.6759489971500333,0.5340611277095676,0.5470293545934098,0.00018063994475306377,2.0774655467483334,-750.7415,450
501.0,0.0,501.0,501,501,501.0,0.0,501.0,501,501,-657.22986,190.00732,-633.2178,-906.8303,-289.1377,-761.9663,228.20467,-734.7025,-1030.7312,-320.147,2078086,2452.6985473632812,-1.3118361,0.38680115,-1.2745588,-2.1435695,-0.44159588,-1.5208907,0.4635313,-1.4476833,-2.169465,-0.56329393,-0.08909291149987297,0.9413837609886051,0.00027025097416980584,-2.3678233429862607,1.7483859674436655,-0.08387682381286904,0.9527702644210577,-0.0015237707076712675,-2.371408048699504,1.74880211372584,-0.5990795662067331,0.5144058188534881,-0.4018553866899308,-2.1111253346808203,-3.18554258561532e-05,-0.6800063020750943,0.6166425664964416,-0.41895899962094185,-2.1549114103441824,-8.352817234940279e-05,0.0,0.0,0.0,False,False,0.0,0.0,0.0,False,False,0.5990795662067331,0.5144058188534881,0.4018553866899308,3.18554258561532e-05,2.1111253346808203,0.6800063020750943,0.6166425664964416,0.41895899962094185,8.352817234940279e-05,2.1549114103441824,-750.7415,460
501.0,0.0,501.0,501,501,501.0,0.0,501.0,501,501,-705.00757,114.28215,-671.65576,-920.5056,-565.5575,-765.46265,230.06886,-693.64514,-1145.1547,-450.21533,2123191,2501.86079120636,-1.4072008,0.25288588,-1.342609,-2.2180753,-0.5324763,-1.5278693,0.46656224,-1.3659043,-2.485004,-0.59617287,-0.07932728192938848,0.9435862436005363,-0.0002443911660027721,-2.3692359973333454,1.7428204941800631,-0.07498550808310367,0.9555744779347158,-0.0008002126105659969,-2.3679328414365406,1.7428262536538721,-0.6576985827758202,0.4988195892882679,-0.48769676378166205,-2.008018523860822,-8.25593584018805e-05,-0.6813753589329868,0.6216237980910737,-0.4798672790068115,-2.466278749233658,-4.9704194506422494e-05,0.0,0.0,0.0,False,False,0.0,0.0,0.0,False,False,0.6576985827758202,0.4988195892882679,0.48769676378166205,8.25593584018805e-05,2.008018523860822,0.6813753589329868,0.6216237980910737,0.4798672790068115,4.9704194506422494e-05,2.466278749233658,-750.7415,470
501.0,0.0,501.0,501,501,459.2,125.39999999999999,501.0,83,501,-749.6123,117.83812,-729.45044,-952.92725,-533.6556,-695.33997,259.78113,-785.2468,-972.4928,-69.21726,2168380,2551.4537189006805,-1.4962322,0.24826248,-1.4592246,-2.0910358,-0.81231767,-1.5142423,0.34559548,-1.5850896,-2.1545923,-0.299571,-0.08206695222545678,0.9421345222451423,-0.00045445300319380097,-2.3860400962550714,1.7441120247042214,-0.0830926500680273,0.943908858137938,-0.00017764064037067423,-2.3703213423404983,1.7637492100287238,-0.6831507788023743,0.547801685624629,-0.4330039824403288,-2.0368897470106138,-2.5175518104304795e-05,-0.6730823962634317,0.5925217191364732,-0.4265737049268285,-2.1511538967507975,-7.412682924395897e-06,0.0,0.0,0.0,False,False,0.00021777003484320557,0.014755426495195928,0.0,False,True,0.6831507788023743,0.547801685624629,0.4330039824403288,2.5175518104304795e-05,2.0368897470106138,0.6730823962634317,0.5925217191364732,0.4265737049268285,7.412682924395897e-06,2.1511538967507975,-750.7415,480
501.0,0.0,501.0,501,501,501.0,0.0,501.0,501,501,-726.57263,149.35963,-745.86304,-993.0741,-390.07135,-773.55396,173.372,-742.55615,-1163.4031,-508.13406,2213495,2600.7253799438477,-1.4502447,0.31177735,-1.4839995,-2.322431,-0.41008687,-1.54402,0.35653827,-1.4749652,-2.3825107,-0.73806036,-0.07538858362123257,0.9478271468986991,0.00042881156188418986,-2.3948884980365883,1.7292090017641373,-0.08582018132996717,0.9582671487519228,-0.0040899777519480245,-2.3747604528404453,1.733191400768087,-0.6743855441228126,0.5278974861913435,-0.5533734364922613,-2.0157880561564787,-8.868133907936546e-05,-0.6973469149144738,0.5922384379141061,-0.4731983300534296,-2.3286025839524083,-2.3938866983430618e-05,0.0,0.0,0.0,False,False,0.0,0.0,0.0,False,False,0.6743855441228126,0.5278974861913435,0.5533734364922613,8.868133907936546e-05,2.0157880561564787,0.6973469149144738,0.5922384379141061,0.4731983300534296,2.3938866983430618e-05,2.3286025839524083,-750.7415,490
501.0,0.0,501.0,501,501,501.0,0.0,501.0,501,501,-718.574,158.345,-751.6427,-917.6305,-459.29865,-737.25415,236.43095,-760.7826,-1012.0809,-295.61978,2258585,2681.325061559677,-1.4342794,0.33098632,-1.5229435,-1.9849644,-0.6228947,-1.4715652,0.48030558,-1.490686,-2.2688384,-0.4972506,-0.10142607352741284,0.9412446740029182,-0.000585437034711217,-2.370171658005044,1.7346720582134247,-0.09495386424898128,0.9465361650992519,-0.001346716788077149,-2.365919872082403,1.731421237381644,-0.6548846518767376,0.5416295142377865,-0.40809818714787,-1.950899343826433,-7.877491562595373e-05,-0.6448761055022815,0.6187627464339841,-0.34527251278002724,-2.153191977888576,-5.713883936570019e-05,0.0,0.0,0.0,False,False,0.0,0.0,0.0,False,False,0.6548846518767376,0.5416295142377865,0.40809818714787,7.877491562595373e-05,1.950899343826433,0.6448761055022815,0.6187627464339841,0.34527251278002724,5.713883936570019e-05,2.153191977888576,-750.7415,500
501.0,0.0,501.0,501,501,501.0,0.0,501.0,501,501,-828.958,152.19958,-768.92456,-1153.9308,-676.99084,-745.3451,258.2624,-757.4103,-1213.5286,-371.56165,2303675,2730.7976808547974,-1.6546068,0.3184189,-1.5824015,-2.528696,-0.9244063,-1.4877148,0.5205677,-1.5095222,-2.5406916,-0.5263171,-0.07991995705877017,0.9652305980400506,-0.002123079907292903,-2.3819573095466184,1.7470613583076633,-0.09367336530598239,0.9578093406138111,0.00013765793702886993,-2.371032425818844,1.7595054981965077,-0.7223297212423051,0.6516219515265982,-0.44353906377261215,-2.390538333447957,-6.684523875921666e-06,-0.6456247303184001,0.6412987288038606,-0.3777494845944935,-2.514768157237057,-2.238892181920249e-06,0.0,0.0,0.0,False,False,0.0,0.0,0.0,False,False,0.7223297212423051,0.6516219515265982,0.44353906377261215,6.684523875921666e-06,2.390538333447957,0.6456247303184001,0.6412987288038606,0.3777494845944935,2.238892181920249e-06,2.514768157237057,-750.7415,510
501.0,0.0,501.0,501,501,501.0,0.0,501.0,501,501,-674.0531,197.42577,-612.85657,-1189.3896,-489.17615,-839.9214,143.665,-825.9685,-1084.9388,-629.3899,2348792,2779.7639441490173,-1.3454155,0.39985126,-1.225519,-2.444043,-0.80507743,-1.6764898,0.29935673,-1.6833698,-2.270685,-0.6819261,-0.09191460635665295,0.9468615120558629,0.00046497236293764795,-2.3762226442442813,1.7352153134277963,-0.08223626878505075,0.9609563890905928,-0.001379217962645557,-2.349561093455726,1.7475141434300878,-0.6212424431378727,0.5203195367242455,-0.4931436601925371,-2.3740988082014844,-7.338070407544861e-05,-0.7556051362054224,0.6291303778324483,-0.5211282902659515,-2.1717016563672975,-1.2975565135825429e-05,0.0,0.0,0.0,False,False,0.0,0.0,0.0,False,False,0.6212424431378727,0.5203195367242455,0.4931436601925371,7.338070407544861e-05,2.3740988082014844,0.7556051362054224,0.6291303778324483,0.5211282902659515,1.2975565135825429e-05,2.1717016563672975,-750.7415,520
501.0,0.0,501.0,501,501,501.0,0.0,501.0,501,501,-825.53485,209.50267,-893.912,-1126.0786,-434.57886,-796.8918,177.63948,-784.3655,-1075.9307,-425.06616,2393882,2828.862619161606,-1.6477741,0.42697448,-1.7547492,-2.4951098,-0.32224202,-1.5906022,0.36281595,-1.5579712,-2.2988405,-0.48672113,-0.09311360030626302,0.9533799436331764,-0.0008127941166631081,-2.3806392231126154,1.7459600376454396,-0.09169733238758589,0.952235878421098,0.00020561500030490164,-2.3635200442032094,1.7334198756620895,-0.733501884542058,0.6540620780034033,-0.43096209080615944,-2.4920378314484584,-2.0425849151951142e-05,-0.6870122447593467,0.6443843131523893,-0.355099205498846,-2.287833908565443,-7.595478403538136e-05,0.0,0.0,0.0,False,False,0.0,0.0,0.0,False,False,0.733501884542058,0.6540620780034033,0.43096209080615944,2.0425849151951142e-05,2.4920378314484584,0.6870122447593467,0.6443843131523893,0.355099205498846,7.595478403538136e-05,2.287833908565443,-750.7415,530
501.0,0.0,501.0,501,501,501.0,0.0,501.0,501,501,-712.2131,225.4782,-652.0429,-1040.993,-377.78818,-674.61945,226.0425,-685.8757,-961.81775,-332.5328,2438994,2878.197672843933,-1.421583,0.45731664,-1.281911,-2.214255,-0.5952697,-1.3465458,0.4624567,-1.3723933,-2.113096,-0.6003592,-0.09596845422533375,0.9459927175211071,0.0006648808580167666,-2.3707577297820666,1.741922072700031,-0.11260859188168487,0.9428697428611995,-0.004065368161697493,-2.3684104718187218,1.7425411658086978,-0.6656357100684387,0.5479732173975712,-0.46394377481592264,-2.122471140443559,-0.00013684106929868003,-0.6256615537176214,0.533133788814556,-0.4084465907237291,-2.0978579455019513,-0.00013293478680856397,0.0,0.0,0.0,False,False,0.0,0.0,0.0,False,False,0.6656357100684387,0.5479732173975712,0.46394377481592264,0.00013684106929868003,2.122471140443559,0.6256615537176214,0.533133788814556,0.4084465907237291,0.00013293478680856397,2.0978579455019513,-750.7415,540
501.0,0.0,501.0,501,501,501.0,0.0,501.0,501,501,-676.77136,108.77639,-666.00006,-887.1626,-544.49725,-766.5053,118.98832,-781.4861,-938.8119,-604.57184,2484084,2927.214632987976,-1.350841,0.23138529,-1.3078882,-1.9256673,-0.99215466,-1.5299507,0.2468419,-1.5269252,-2.0522168,-0.8478597,-0.10966762499399216,0.9423680226112165,-0.0005805344506094118,-2.3630194396688715,1.754867624072767,-0.0937131749068139,0.9562515034563196,-0.0016185635268822823,-2.377641434980308,1.7459603512356507,-0.5831500995442308,0.5348266463291709,-0.2842056032431674,-1.8176212868413177,-1.382760433768504e-05,-0.6713062256131808,0.59153017737028,-0.4095762750528762,-2.0160568729614825,-2.622067074133788e-05,0.0,0.0,0.0,False,False,0.0,0.0,0.0,False,False,0.5831500995442308,0.5348266463291709,0.2842056032431674,1.382760433768504e-05,1.8176212868413177,0.6713062256131808,0.59153017737028,0.4095762750528762,2.622067074133788e-05,2.0160568729614825,-750.7415,550
501.0,0.0,501.0,501,501,501.0,0.0,501.0,501,501,-779.777,164.35045,-807.40814,-1006.6495,-487.0594,-728.92316,170.30688,-757.60156,-1038.8878,-504.01245,2529174,2976.1613063812256,-1.5564411,0.33795655,-1.6263679,-2.2477782,-0.54331857,-1.4549365,0.3519605,-1.4888612,-2.684197,-0.6668226,-0.0944456669147128,0.9542614753904309,0.0006212493695649498,-2.3754352679583945,1.7373843906911821,-0.10697709574127234,0.951224805927333,-0.00048452372889570263,-2.387464712379842,1.9092702062042914,-0.6868361727437021,0.611416794670957,-0.422615848364545,-2.2439753410975083,-6.931066302798272e-06,-0.6430741021034102,0.5773743589891174,-0.3822422479555382,-2.508869123585688,-9.040360283474325e-05,0.0,0.0,0.0,False,False,0.0,0.0,0.0,False,False,0.6868361727437021,0.611416794670957,0.422615848364545,6.931066302798272e-06,2.2439753410975083,0.6430741021034102,0.5773743589891174,0.3822422479555382,9.040360283474325e-05,2.508869123585688,-750.7415,560
501.0,0.0,501.0,501,501,501.0,0.0,501.0,501,501,-770.504,226.58302,-839.50494,-1132.7178,-339.51642,-680.49457,82.550545,-673.4719,-816.65326,-563.27264,2574264,3025.1128256320953,-1.537932,0.45966992,-1.6730787,-2.470302,-0.38399938,-1.3582726,0.19190519,-1.3618413,-2.2091348,-0.62658894,-0.08397197654985745,0.9619313779166683,2.5086022852085936e-05,-2.3862004369700527,1.751030605298073,-0.1035296653320377,0.9519733703942809,-0.0008088346313186721,-2.389283145554034,1.744506089429018,-0.6985194271612939,0.609027441150048,-0.49306254638919705,-2.4532016291327103,-0.000112670611440574,-0.6087121187944708,0.5066691193945987,-0.36063390917598337,-2.0527633243191374,-0.00028963466190520034,0.0,0.0,0.0,False,False,0.0,0.0,0.0,False,False,0.6985194271612939,0.609027441150048,0.49306254638919705,0.000112670611440574,2.4532016291327103,0.6087121187944708,0.5066691193945987,0.36063390917598337,0.00028963466190520034,2.0527633243191374,-750.7415,570
501.0,0.0,501.0,501,501,501.0,0.0,501.0,501,501,-595.2931,152.71725,-610.86536,-760.0905,-270.7193,-720.7701,198.46815,-730.1342,-987.67615,-450.12677,2619354,3074.3548119068146,-1.1882099,0.31719035,-1.2156061,-2.2760105,-0.4552261,-1.438663,0.4013211,-1.4457661,-2.132519,-0.550427,-0.10299986211538219,0.9569617891216138,-0.0007696778219898671,-2.385144170462222,1.7483758668752771,-0.08499684762750676,0.973006611660311,-0.0012029109201904344,-2.3766379454039224,1.7448944404983238,-0.5549542275472197,0.4429182628133583,-0.42786441921940377,-2.1727723472002762,-0.00011617352473897169,-0.6497411374738478,0.5669564931131464,-0.5206952800321155,-2.1146657753044242,-1.3282336296591146e-05,0.0,0.0,0.0,False,False,0.0,0.0,0.0,False,False,0.5549542275472197,0.4429182628133583,0.42786441921940377,0.00011617352473897169,2.1727723472002762,0.6497411374738478,0.5669564931131464,0.5206952800321155,1.3282336296591146e-05,2.1146657753044242,-750.7415,580
501.0,0.0,501.0,501,501,501.0,0.0,501.0,501,501,-667.9099,198.14308,-640.0374,-927.96265,-360.22824,-754.7322,118.44935,-748.50635,-927.01135,-501.84058,2664462,3123.271839618683,-1.3331536,0.40268257,-1.3124774,-2.041476,-0.43972632,-1.5064515,0.24457663,-1.5075604,-2.1247468,-0.610244,-0.09056225709563219,0.9742539141436313,-0.0009848020999893195,-2.384690034548482,1.7522292759081066,-0.07896740571907948,0.9789936272666823,-0.0008592082047788982,-2.3811532310297996,1.7505182564758144,-0.6156772032407382,0.5171319762828726,-0.4639029488787224,-2.0217277137841783,-2.8654049676016583e-05,-0.6797927215581847,0.5606125506500342,-0.557448150129152,-2.022834046127684,-0.00014710279934249115,0.0,0.0,0.0,False,False,0.0,0.0,0.0,False,False,0.6156772032407382,0.5171319762828726,0.4639029488787224,2.8654049676016583e-05,2.0217277137841783,0.6797927215581847,0.5606125506500342,0.557448150129152,0.00014710279934249115,2.022834046127684,-750.7415,590
501.0,0.0,501.0,501,501,501.0,0.0,501.0,501,501,-776.30383,173.81625,-816.6299,-1068.4124,-482.88098,-726.423,101.87741,-715.2333,-897.24,-543.63794,2709662,3203.6083574295044,-1.5495086,0.35368118,-1.5965422,-2.355023,-0.9134541,-1.449946,0.21477674,-1.4293054,-2.2547593,-0.88780916,-0.08236823203187203,0.9761991764477441,-0.0008984056183160383,-2.3765153087483943,1.747313091129674,-0.08235872464586466,0.9757746559184869,-0.00024338257622223854,-2.376422121591012,1.7739672700588902,-0.6701151919947225,0.6268716021131259,-0.3654509115765451,-2.3372286184034126,-8.894290157070162e-05,-0.6481446445805075,0.5441194432254931,-0.5409617170964595,-2.225057404854361,-2.4898800656619757e-05,0.0,0.0,0.0,False,False,0.0,0.0,0.0,False,False,0.6701151919947225,0.6268716021131259,0.3654509115765451,8.894290157070162e-05,2.3372286184034126,0.6481446445805075,0.5441194432254931,0.5409617170964595,2.4898800656619757e-05,2.225057404854361,-750.7415,600
501.0,0.0,501.0,501,501,501.0,0.0,501.0,501,501,-663.6823,191.35426,-606.52374,-965.1211,-350.02826,-789.67175,232.35281,-751.2738,-1230.9854,-579.0554,2754774,3253.03573346138,-1.3247151,0.3923968,-1.2387823,-1.9708997,-0.364512,-1.5761912,0.46932477,-1.4774659,-2.7160673,-0.7130148,-0.08838724810678872,0.9670460825109528,-0.0010623527384231017,-2.37687659882951,1.7427569683699955,-0.0814951019276436,0.9810735322072177,-0.0009576961948907416,-2.36309084496193,1.7692219878157818,-0.6223575538718619,0.49895186833655364,-0.48845237907923034,-1.8466590856150662,-3.141387651517391e-05,-0.6596699274514418,0.6829229016999823,-0.36226784931630884,-2.708441737121762,-6.054784762510312e-06,0.0,0.0,0.0,False,False,0.0,0.0,0.0,False,False,0.6223575538718619,0.49895186833655364,0.48845237907923034,3.141387651517391e-05,1.8466590856150662,0.6596699274514418,0.6829229016999823,0.36226784931630884,6.054784762510312e-06,2.708441737121762,-750.7415,610
501.0,0.0,501.0,501,501,501.0,0.0,501.0,501,501,-804.5388,222.58319,-793.3996,-1231.2174,-506.20013,-814.22925,238.0279,-726.36285,-1217.1118,-563.2198,2799864,3302.1747028827667,-1.605866,0.45133975,-1.5695881,-2.654121,-0.6847026,-1.6252081,0.4819637,-1.4709139,-2.559495,-0.8758831,-0.08505486465765132,0.9679730952110153,-0.0006431470335600912,-2.375293203759481,1.7640876933137546,-0.08183643612521992,0.9708914018664659,-0.00030083650247811046,-2.3699522402228754,1.7536087915041703,-0.7110176728638793,0.6495831309644221,-0.4535867862521131,-2.629828657080063,-0.0002139148639656828,-0.7215353802635874,0.6612489524945804,-0.5658858659449176,-2.5365622666560417,-0.00010157990764064762,0.0,0.0,0.0,False,False,0.0,0.0,0.0,False,False,0.7110176728638793,0.6495831309644221,0.4535867862521131,0.0002139148639656828,2.629828657080063,0.7215353802635874,0.6612489524945804,0.5658858659449176,0.00010157990764064762,2.5365622666560417,-750.7415,620
501.0,0.0,501.0,501,501,501.0,0.0,501.0,501,501,-766.2937,216.45262,-699.98694,-1128.737,-403.05954,-666.3854,137.29422,-658.3337,-837.05646,-392.66885,2844982,3351.4780972003937,-1.5295283,0.44024742,-1.4019082,-2.4146028,-0.640535,-1.3301107,0.28990188,-1.3486668,-1.9212857,-0.7033058,-0.08716626875826039,0.9686478331172281,9.961798459349094e-05,-2.3840852050474495,1.7367041318107828,-0.10752800272389874,0.9503440751157145,-0.0014363247487838068,-2.3749372554604085,1.7449454515782148,-0.6522514083201311,0.6472966778853803,-0.3569382753259759,-2.4072358616761584,-3.0830938459125434e-05,-0.5884245790853572,0.521058759780184,-0.3356795156157722,-1.8581006305993037,-0.0004043311485708023,0.0,0.0,0.0,False,False,0.0,0.0,0.0,False,False,0.6522514083201311,0.6472966778853803,0.3569382753259759,3.0830938459125434e-05,2.4072358616761584,0.5884245790853572,0.521058759780184,0.3356795156157722,0.0004043311485708023,1.8581006305993037,-750.7415,630
501.0,0.0,501.0,501,501,501.0,0.0,501.0,501,501,-707.813,189.96182,-717.11,-1029.4375,-437.11993,-715.9646,230.26755,-663.1848,-1141.0371,-401.31403,2890072,3400.656275510788,-1.4128003,0.39693955,-1.40129,-2.253363,-0.3133571,-1.4290711,0.4646963,-1.3480556,-2.4147246,-0.62604827,-0.08726381541071379,0.9613579698337321,0.000691782760594694,-2.379198515897814,1.7366746471168124,-0.09782335179083115,0.95817392223294,1.4062518108230125e-05,-2.395529877388741,1.7414891242509913,-0.6512765677096516,0.5419354796366409,-0.5141239657710013,-2.2378377074818703,-3.674772333213394e-05,-0.6331703428142688,0.5931477069037763,-0.41512415251235557,-2.3866488217720225,-4.029507433288282e-05,0.0,0.0,0.0,False,False,0.0,0.0,0.0,False,False,0.6512765677096516,0.5419354796366409,0.5141239657710013,3.674772333213394e-05,2.2378377074818703,0.6331703428142688,0.5931477069037763,0.41512415251235557,4.029507433288282e-05,2.3866488217720225,-750.7415,640
501.0,0.0,501.0,501,501,501.0,0.0,501.0,501,501,-668.6601,159.63185,-662.08057,-903.1698,-398.84546,-749.553,147.62077,-719.2519,-1083.7151,-555.1302,2935162,3449.858166694641,-1.3346508,0.33668518,-1.3065785,-2.0378063,-0.49208105,-1.4961137,0.30974385,-1.4302607,-2.3749433,-0.78103083,-0.09452960992149448,0.9544305691956481,-0.0008333174975079692,-2.375197807945954,1.7514040418550216,-0.09411584471934148,0.9598332707292707,-0.000359021997323531,-2.393762458022778,1.7326368461546955,-0.6018180905700159,0.5190037776167635,-0.41211426350161684,-2.0264476076730045,-5.734326914438176e-05,-0.665269232229619,0.5792374431005229,-0.4105865443539847,-2.36538072373594,-0.00013112416569890234,0.0,0.0,0.0,False,False,0.0,0.0,0.0,False,False,0.6018180905700159,0.5190037776167635,0.41211426350161684,5.734326914438176e-05,2.0264476076730045,0.665269232229619,0.5792374431005229,0.4105865443539847,0.00013112416569890234,2.36538072373594,-750.7415,650
501.0,0.0,501.0,501,501,501.0,0.0,501.0,501,501,-681.1339,189.25853,-691.08234,-1012.30774,-444.72614,-714.77527,186.66821,-718.5696,-1078.8591,-440.76675,2980285,3498.8763880729675,-1.3595487,0.39691284,-1.3785493,-2.1183448,-0.34725165,-1.4266971,0.38264677,-1.4554862,-2.305431,-0.38303906,-0.09552357398624475,0.950365596802205,-0.00016928172395667192,-2.394739026254434,1.742411813304761,-0.08545973698582152,0.958921894888615,3.206609810978314e-05,-2.376841397461744,1.741673235116165,-0.6336642039751103,0.5168240965175547,-0.516577284518484,-1.8921029567274186,-0.00012204283878816669,-0.6496981463284787,0.552437215400186,-0.5047870924813407,-2.201576189946365,-5.395997415505449e-05,0.0,0.0,0.0,False,False,0.0,0.0,0.0,False,False,0.6336642039751103,0.5168240965175547,0.516577284518484,0.00012204283878816669,1.8921029567274186,0.6496981463284787,0.552437215400186,0.5047870924813407,5.395997415505449e-05,2.201576189946365,-750.7415,660
501.0,0.0,501.0,501,501,501.0,0.0,501.0,501,501,-761.19135,170.40407,-760.3955,-1101.0896,-575.91284,-721.98816,202.44531,-658.82715,-1093.1184,-516.25586,3025417,3548.0449097156525,-1.5193439,0.3542064,-1.5025933,-2.4371488,-0.68721867,-1.4410942,0.413222,-1.3201436,-2.3533897,-0.52051806,-0.08674815794635476,0.9706472692883822,-0.0007763398464137875,-2.374699168071338,1.7394935803264873,-0.09180116398540102,0.9682784536881971,-0.0013382557571579518,-2.379886194862037,1.751186638992725,-0.6810673152446456,0.5894375493286573,-0.46747282199010765,-2.4121399847827742,-1.8111458490788213e-05,-0.6482096344677224,0.5735786823269271,-0.39430408628967784,-2.329926083262791,-3.002495472230471e-05,0.0,0.0,0.0,False,False,0.0,0.0,0.0,False,False,0.6810673152446456,0.5894375493286573,0.46747282199010765,1.8111458490788213e-05,2.4121399847827742,0.6482096344677224,0.5735786823269271,0.39430408628967784,3.002495472230471e-05,2.329926083262791,-750.7415,670
501.0,0.0,501.0,501,501,501.0,0.0,501.0,501,501,-748.81396,206.56969,-700.02344,-1055.4115,-370.83228,-743.6189,185.65742,-698.9292,-1121.9415,-562.09534,3070507,3597.372376680374,-1.4946386,0.42112446,-1.399908,-2.3485415,-0.30541405,-1.4842693,0.3828636,-1.3514705,-2.446588,-0.72025514,-0.0901624015020294,0.9685032648611122,-0.0035552373428948338,-2.3854270730306575,1.7476921904816785,-0.08266067675800554,0.9699644989884832,-0.0006679803515971357,-2.3800115115517397,1.7504549716100715,-0.6452491904063946,0.622428276963352,-0.39046924482975637,-2.325391653859866,-2.6566174609277127e-05,-0.6698374966860124,0.5783866205403939,-0.47569885554452496,-2.4050322301526887,-1.3863071005051908e-05,0.0,0.0,0.0,False,False,0.0,0.0,0.0,False,False,0.6452491904063946,0.622428276963352,0.39046924482975637,2.6566174609277127e-05,2.325391653859866,0.6698374966860124,0.5783866205403939,0.47569885554452496,1.3863071005051908e-05,2.4050322301526887,-750.7415,680
501.0,0.0,501.0,501,501,501.0,0.0,501.0,501,501,-796.55743,137.58498,-795.5953,-1106.0037,-631.0688,-757.8329,128.10565,-756.0088,-966.5791,-570.1992,3115614,3646.550588130951,-1.5899352,0.29525164,-1.5700215,-2.4348702,-0.8120855,-1.5126406,0.27282682,-1.526191,-2.1366577,-0.35650715,-0.07737934017790947,0.967639799202526,-0.001032999633590069,-2.375780498732365,1.744250633699495,-0.08972963260385103,0.964183618380771,-0.00028676322202564667,-2.386978013501991,1.7546410271033042,-0.7371791416238627,0.5729362351284868,-0.6106187350548664,-2.3939090716914464,-4.3274692168387974e-05,-0.6711373150784893,0.5805859313608248,-0.42494289376740707,-2.072294680645486,-5.776146826866335e-05,0.0,0.0,0.0,False,False,0.0,0.0,0.0,False,False,0.7371791416238627,0.5729362351284868,0.6106187350548664,4.3274692168387974e-05,2.3939090716914464,0.6711373150784893,0.5805859313608248,0.42494289376740707,5.776146826866335e-05,2.072294680645486,-750.7415,690
501.0,0.0,501.0,501,501,501.0,0.0,501.0,501,501,-786.8757,244.62009,-707.0617,-1418.7673,-563.02856,-843.1892,108.9678,-819.32874,-1034.8204,-658.3976,3160750,3726.776605129242,-1.57061,0.50050145,-1.4333184,-3.0610614,-0.87192285,-1.6830124,0.2343695,-1.6365482,-2.2530384,-0.7947688,-0.0915441330209953,0.9639850482660145,-0.0009702354103490842,-2.3877534942696603,2.1042347453478776,-0.08616619097761008,0.9580390620975491,-1.4227663253752976e-05,-2.3798102503068224,1.7356287148688903,-0.706132852132366,0.6380822907088862,-0.5061506002673082,-3.0458732494792513,-0.000242559337012338,-0.7462485839338888,0.6368669933788669,-0.46798246296987084,-2.23730914069883,-0.00011458398798233366,0.0,0.0,0.0,False,False,0.0,0.0,0.0,False,False,0.706132852132366,0.6380822907088862,0.5061506002673082,0.000242559337012338,3.0458732494792513,0.7462485839338888,0.6368669933788669,0.46798246296987084,0.00011458398798233366,2.23730914069883,-750.7415,700
453.5,142.5,501.0,26,501,452.2,146.4,501.0,13,501,-502.47275,196.78294,-565.47125,-786.5476,-14.977876,-667.66064,298.8876,-706.6737,-1070.4543,-5.31925,3205840,3775.9041180610657,-1.1079886,0.26628885,-1.1226302,-1.8984488,-0.29169396,-1.476472,0.43718213,-1.4302502,-2.2336614,-0.28488395,-0.11682975859443447,0.93143637275999,-0.0006393706523307333,-2.3807570286301445,1.749184579638175,-0.09382329417390693,0.9506268109641056,-0.0007359639210034333,-2.400023950266072,1.738894278372296,-0.5202168328285888,0.40277025675126804,-0.37230364570872654,-1.7857478518219232,-6.793267719484852e-05,-0.6803455708811428,0.5722724996219861,-0.41145379240807345,-2.1364877272121348,-9.966561608214936e-06,0.0002205071664829107,0.014847846411935988,0.0,False,True,0.00022114108801415304,0.014869168928805163,0.0,False,True,0.5202168328285888,0.40277025675126804,0.37230364570872654,6.793267719484852e-05,1.7857478518219232,0.6803455708811428,0.5722724996219861,0.41145379240807345,9.966561608214936e-06,2.1364877272121348,-750.7415,710
501.0,0.0,501.0,501,501,501.0,0.0,501.0,501,501,-723.6889,211.2956,-643.09973,-1115.5176,-513.43506,-705.3501,175.32007,-701.0737,-981.9136,-448.26767,3250930,3825.1951336860657,-1.444489,0.43700114,-1.31344,-2.4767556,-0.83547866,-1.4078845,0.3668663,-1.4165874,-2.1260355,-0.4915121,-0.11386220756951959,0.9388429195455916,-0.0008907210339614308,-2.375322511783221,1.738895479069345,-0.12248535713607753,0.9357009876116142,-0.00039249545794779576,-2.388580761063025,1.7374428241626272,-0.6505936504452001,0.5795693361993257,-0.33962211522956554,-2.4374783743189044,-2.899715196072461e-05,-0.6243584440487444,0.5619190696193292,-0.3483139823189638,-2.070201173128782,-8.936865163217123e-05,0.0,0.0,0.0,False,False,0.0,0.0,0.0,False,False,0.6505936504452001,0.5795693361993257,0.33962211522956554,2.899715196072461e-05,2.4374783743189044,0.6243584440487444,0.5619190696193292,0.3483139823189638,8.936865163217123e-05,2.070201173128782,-750.7415,720
501.0,0.0,501.0,501,501,501.0,0.0,501.0,501,501,-753.5433,172.43529,-783.1519,-973.87854,-463.27087,-644.1487,194.80406,-719.1133,-879.8116,-301.24872,3296020,3874.2504160404205,-1.5040784,0.36599535,-1.5739533,-2.225413,-0.61231786,-1.2857258,0.40183663,-1.501085,-2.3606925,-0.42904505,-0.12397552996965834,0.9341372623828598,-9.230709521020579e-05,-2.390936572217686,1.7403394541650339,-0.1262224779294865,0.9274352536527601,-0.0010276457216702281,-2.379351016760681,1.7252266980166313,-0.6584594548410432,0.6042896786420991,-0.3629562607911822,-2.149560199785889,-0.00027871832076222826,-0.5765963119417589,0.5219111995680147,-0.3076354664002835,-2.198408290076514,-3.812873589814636e-05,0.0,0.0,0.0,False,False,0.0,0.0,0.0,False,False,0.6584594548410432,0.6042896786420991,0.3629562607911822,0.00027871832076222826,2.149560199785889,0.5765963119417589,0.5219111995680147,0.3076354664002835,3.812873589814636e-05,2.198408290076514,-750.7415,730
501.0,0.0,501.0,501,501,501.0,0.0,501.0,501,501,-731.0468,212.87933,-818.1164,-961.631,-434.08197,-732.197,191.38087,-739.695,-1028.2698,-478.4907,3341149,3923.6698632240295,-1.4591753,0.43821046,-1.639496,-2.1807127,-0.53901136,-1.461471,0.39613375,-1.5074947,-2.2605312,-0.5528267,-0.1017699121576513,0.948002727065912,-0.001209737830216794,-2.3935077778147598,1.7382394552249782,-0.09586477085677955,0.9513681766989471,-0.0011258874524467713,-2.3859619033492363,1.7351950074936113,-0.646716748340049,0.5962363700852378,-0.40506109799680384,-2.1639659488314753,-2.713303137236861e-05,-0.6508676986883578,0.5836475070567408,-0.437597484339285,-2.2271715998102293,-7.856619575544177e-05,0.0,0.0,0.0,False,False,0.0,0.0,0.0,False,False,0.646716748340049,0.5962363700852378,0.40506109799680384,2.713303137236861e-05,2.1639659488314753,0.6508676986883578,0.5836475070567408,0.437597484339285,7.856619575544177e-05,2.2271715998102293,-750.7415,740
501.0,0.0,501.0,501,501,501.0,0.0,501.0,501,501,-831.1411,253.8332,-883.3711,-1235.5498,-455.99286,-750.7652,164.62897,-729.09454,-1017.5868,-521.2369,3386262,3972.4717671871185,-1.6589643,0.5239058,-1.7498616,-2.6435537,-0.36212954,-1.4985331,0.34968448,-1.5151017,-2.2262206,-0.7961911,-0.08205669287879272,0.9696898631919125,-0.00029770167721606116,-2.3785515851262775,1.7810884365795823,-0.0877034679122039,0.9526337629899971,-0.00028317981398225936,-2.3837848996592697,1.736361393567564,-0.7137225677777543,0.7067389995635073,-0.3797581291944734,-2.631541376406105,-1.4593240195426294e-06,-0.6622774025703211,0.5921843172597728,-0.39568921126982914,-2.1186653811039533,-0.0003291533503416155,0.0,0.0,0.0,False,False,0.0,0.0,0.0,False,False,0.7137225677777543,0.7067389995635073,0.3797581291944734,1.4593240195426294e-06,2.631541376406105,0.6622774025703211,0.5921843172597728,0.39568921126982914,0.0003291533503416155,2.1186653811039533,-750.7415,750
501.0,0.0,501.0,501,501,501.0,0.0,501.0,501,501,-775.8445,172.02568,-732.27136,-1039.7678,-438.36545,-812.3736,129.37373,-780.06726,-1015.2062,-617.8811,3431352,4021.6826436519623,-1.5485921,0.3668339,-1.5135201,-2.3608372,-0.5568174,-1.6215042,0.28283116,-1.5615638,-2.3816216,-0.76282334,-0.09434500657281883,0.955867299831943,-0.00014643399370431822,-2.368374041406881,1.74200298399464,-0.0802729990859619,0.9618010298504898,0.00044835240382321104,-2.390191538806744,1.732193006824123,-0.6697720775722615,0.628999243161168,-0.39204689022753714,-2.327372562672952,-9.929704167832565e-05,-0.7055294439080917,0.6366458963922409,-0.4556821023090658,-2.2318673043786843,-0.00019753899832071486,0.0,0.0,0.0,False,False,0.0,0.0,0.0,False,False,0.6697720775722615,0.628999243161168,0.39204689022753714,9.929704167832565e-05,2.327372562672952,0.7055294439080917,0.6366458963922409,0.4556821023090658,0.00019753899832071486,2.2318673043786843,-750.7415,760
501.0,0.0,501.0,501,501,501.0,0.0,501.0,501,501,-734.0983,174.54033,-780.2805,-1042.1932,-403.06448,-787.95703,163.21274,-767.08765,-1129.0634,-549.6747,3476171,4070.766368150711,-1.4652662,0.3618938,-1.5544444,-2.3556654,-0.7230482,-1.5727686,0.34468913,-1.5379881,-2.51148,-0.69273657,-0.09059059459815197,0.9564756575590511,-0.0004324649015692328,-2.3787836030556497,1.7348262029449755,-0.07874976076469883,0.9596024327617761,0.000353614115893157,-2.396097502587966,1.737916335331321,-0.6526617988088889,0.5773703807885396,-0.49901286991969485,-2.212346055525783,-7.572495379748467e-06,-0.6798774381094735,0.6339588532445704,-0.3909324541412925,-2.5073550736444465,-3.228889446592331e-05,0.0,0.0,0.0,False,False,0.0,0.0,0.0,False,False,0.6526617988088889,0.5773703807885396,0.49901286991969485,7.572495379748467e-06,2.212346055525783,0.6798774381094735,0.6339588532445704,0.3909324541412925,3.228889446592331e-05,2.5073550736444465,-750.7415,770
457.0,132.0,501.0,61,501,501.0,0.0,501.0,501,501,-697.92957,316.75885,-675.9812,-1153.0488,-29.12142,-675.2903,129.5095,-719.2464,-831.6537,-435.02307,3521359,4120.079660177231,-1.5271981,0.50210464,-1.461009,-2.4412997,-0.2924469,-1.3478848,0.29137424,-1.4312587,-1.9850407,-0.525591,-0.07978909740707608,0.9690935323831645,0.00022537143153691895,-2.387199340357022,1.7536361442672461,-0.08854885520568041,0.9485262813620865,0.00017651739173948222,-2.383360600844198,1.752204871632332,-0.6695213112014715,0.642823648305417,-0.4976648802554472,-2.4230893195408605,-0.0002516052011199421,-0.6004025708358864,0.5228902618836274,-0.4363809366720601,-1.8448513450172785,-5.285208123859131e-05,0.0002188183807439825,0.014790892442994478,0.0,False,True,0.0,0.0,0.0,False,False,0.6695213112014715,0.642823648305417,0.4976648802554472,0.0002516052011199421,2.4230893195408605,0.6004025708358864,0.5228902618836274,0.4363809366720601,5.285208123859131e-05,1.8448513450172785,-750.7415,780
501.0,0.0,501.0,501,501,501.0,0.0,501.0,501,501,-655.5486,247.82938,-676.2241,-1139.1072,-265.26996,-823.5677,131.70969,-874.34784,-959.05646,-552.6508,3566470,4169.936597824097,-1.30848,0.5150528,-1.3400488,-2.5123277,-0.41023496,-1.6438477,0.28412876,-1.6792649,-2.231854,-0.7779492,-0.0889696168388472,0.9513449361650673,4.03712892788083e-05,-2.3757853104915245,1.7368959698209494,-0.053127078007064246,0.953680044850873,-0.0005003646908422813,-2.384982152020532,1.7569094313990372,-0.5829455038867344,0.5650731600270371,-0.39166719258286176,-2.5019725799841357,-5.370477965174758e-05,-0.7121109121941211,0.6485004478938663,-0.4362568938588489,-2.161656913670749,-3.7470355360169627e-07,0.0,0.0,0.0,False,False,0.0,0.0,0.0,False,False,0.5829455038867344,0.5650731600270371,0.39166719258286176,5.370477965174758e-05,2.5019725799841357,0.7121109121941211,0.6485004478938663,0.4362568938588489,3.7470355360169627e-07,2.161656913670749,-750.7415,790
501.0,0.0,501.0,501,501,501.0,0.0,501.0,501,501,-676.29956,252.84831,-648.2845,-1216.9507,-358.3642,-686.3462,186.56612,-690.21313,-1059.3148,-429.6355,3611578,4249.988286733627,-1.3498994,0.52662116,-1.2352393,-2.6371658,-0.3158927,-1.3699526,0.3901706,-1.3704747,-2.271746,-0.3777134,-0.083789618859705,0.9623269894922821,8.68295971946548e-06,-2.3991918888743946,1.7631498245018453,-0.09506887394300687,0.9685227034186771,-0.0005567588731337522,-2.3832116244544235,1.7390597039350493,-0.6051339529697898,0.5776379976667815,-0.40132715842338884,-2.6265408142511206,-1.6385915467542755e-07,-0.5874439523023969,0.5755380127741678,-0.3513837346016768,-2.2375607889118565,-0.0001439309535551242,0.0,0.0,0.0,False,False,0.0,0.0,0.0,False,False,0.6051339529697898,0.5776379976667815,0.40132715842338884,1.6385915467542755e-07,2.6265408142511206,0.5874439523023969,0.5755380127741678,0.3513837346016768,0.0001439309535551242,2.2375607889118565,-750.7415,800
501.0,0.0,501.0,501,501,455.7,135.89999999999998,501.0,48,501,-632.23804,117.02384,-636.3071,-870.07385,-489.90576,-689.64075,271.45325,-759.6623,-1082.7126,-27.90445,3656750,4299.350306987762,-1.2619523,0.27418354,-1.2736175,-2.0074131,-0.6790134,-1.5133659,0.36996558,-1.5453684,-2.6893322,-0.29997125,-0.0757018083019761,0.9353619993727055,0.00019522542001868475,-2.3805524814950028,1.7416301839606296,-0.06173683084028748,0.9388746512895223,-0.00010676870990048661,-2.3920458840692342,1.9463628570663631,-0.5853823245979864,0.4617656744357891,-0.44549563377417944,-1.7765060849271628,-3.659384956451739e-05,-0.6622191574031708,0.6087002525263818,-0.35204098400345596,-2.5467895185882146,-0.0002557173148863695,0.0,0.0,0.0,False,False,0.00021944261575597982,0.0148119701827397,0.0,False,True,0.5853823245979864,0.4617656744357891,0.44549563377417944,3.659384956451739e-05,1.7765060849271628,0.6622191574031708,0.6087002525263818,0.35204098400345596,0.0002557173148863695,2.5467895185882146,-750.7415,810
501.0,0.0,501.0,501,501,501.0,0.0,501.0,501,501,-657.9778,154.39742,-654.2676,-882.4042,-360.63452,-708.3801,156.6502,-707.8212,-899.5946,-435.7621,3701898,4348.478741407394,-1.3133289,0.32592422,-1.3220252,-2.1109948,-0.41622707,-1.4139322,0.3450702,-1.4758272,-2.1625316,-0.58309335,-0.0518505706500434,0.9275975554416157,0.00026690477296045285,-2.395651000917699,1.7612596452259561,-0.053470585619473286,0.9280144500534446,-8.594166816957544e-05,-2.376883592548101,1.7654924866086417,-0.5782466479313391,0.5253417589619653,-0.46326503021610743,-1.9766118759446232,-5.376061614019434e-05,-0.6037159902619269,0.5844823462178875,-0.30297156606152037,-2.144217662178429,-0.0001555035182903286,0.0,0.0,0.0,False,False,0.0,0.0,0.0,False,False,0.5782466479313391,0.5253417589619653,0.46326503021610743,5.376061614019434e-05,1.9766118759446232,0.6037159902619269,0.5844823462178875,0.30297156606152037,0.0001555035182903286,2.144217662178429,-750.7415,820
501.0,0.0,501.0,501,501,501.0,0.0,501.0,501,501,-586.40454,145.24408,-556.3972,-878.7822,-301.87006,-630.5322,143.61243,-657.3657,-859.23804,-450.02188,3747138,4397.624618291855,-1.1704681,0.32579458,-1.1936429,-1.9765526,-0.31139672,-1.2585473,0.32732812,-1.2146078,-2.0854115,-0.52946734,-0.08408028673750825,0.9181857176505717,-0.00021979959676134543,-2.3832708362681263,1.75142806052534,-0.09251360548936634,0.9267330995262544,-0.0001344076071327355,-2.3935420467242716,1.7317833211210125,-0.5414608019270362,0.4459440948109967,-0.383323850660713,-1.9333390063343747,-0.0002093610780560251,-0.5611865627107264,0.49876315334857957,-0.3794293811210665,-1.9219985865027405,-6.100532020159033e-06,0.0,0.0,0.0,False,False,0.0,0.0,0.0,False,False,0.5414608019270362,0.4459440948109967,0.383323850660713,0.0002093610780560251,1.9333390063343747,0.5611865627107264,0.49876315334857957,0.3794293811210665,6.100532020159033e-06,1.9219985865027405,-750.7415,830
501.0,0.0,501.0,501,501,501.0,0.0,501.0,501,501,-634.5801,123.041275,-643.9758,-803.83887,-377.4652,-592.41187,121.04239,-579.608,-794.10364,-435.07013,3792250,4446.8248682022095,-1.2666267,0.3041466,-1.2675533,-2.2416782,-0.3237333,-1.1824589,0.31226268,-1.1951774,-2.084905,-0.57895744,-0.0982375413656392,0.9150822053817119,-7.607477469666335e-05,-2.3864354684801437,1.7352670722449657,-0.1048423620118058,0.9129282854461626,0.0002521838386366172,-2.391878471061955,1.7215643080987098,-0.5500602332618456,0.5128839133634939,-0.3185850102884884,-2.046332599916698,-5.5590484606577416e-05,-0.5277490746995112,0.4690982417081707,-0.3302106702047243,-2.010100332184116,-0.00015000393209044227,0.0,0.0,0.0,False,False,0.0,0.0,0.0,False,False,0.5500602332618456,0.5128839133634939,0.3185850102884884,5.5590484606577416e-05,2.046332599916698,0.5277490746995112,0.4690982417081707,0.3302106702047243,0.00015000393209044227,2.010100332184116,-750.7415,840
501.0,0.0,501.0,501,501,452.6,145.20000000000002,501.0,17,501,-570.8513,236.86856,-558.1308,-1130.8856,-286.53595,-624.88904,348.57407,-614.67896,-1153.1584,-9.08409,3837422,4496.33470249176,-1.1394238,0.49480048,-0.9946014,-2.3926616,-0.44086793,-1.3806652,0.61100316,-1.2941905,-2.4346137,-0.2576961,-0.08698584009501883,0.9140524230507238,-0.00030794724729952595,-2.385078405947346,1.7239503870737174,-0.0765682779816906,0.9277221877859754,-0.000514183505039658,-2.377607743917037,1.730836140597559,-0.4880191005460922,0.5255556730907026,-0.2726758145279371,-2.3526341275490203,-1.849239850737483e-05,-0.6066180528863432,0.6259938654736241,-0.3508324051976503,-2.412953100861572,-0.0002267901111026871,0.0,0.0,0.0,False,False,0.0002209456473707468,0.014862598372816739,0.0,False,True,0.4880191005460922,0.5255556730907026,0.2726758145279371,1.849239850737483e-05,2.3526341275490203,0.6066180528863432,0.6259938654736241,0.3508324051976503,0.0002267901111026871,2.412953100861572,-750.7415,850
501.0,0.0,501.0,501,501,501.0,0.0,501.0,501,501,-596.1902,208.17888,-606.554,-927.4076,-214.69676,-553.76434,209.2248,-456.6611,-915.11346,-315.77795,3882240,4545.222162485123,-1.1900002,0.43640718,-1.2525758,-1.9681982,-0.32082146,-1.105318,0.45019528,-1.0705682,-2.111305,-0.38255444,-0.10737825971039577,0.9123124166426432,-0.0011886641133816087,-2.394715636284574,1.7256735849537816,-0.07278580025395895,0.9034755331946277,0.00033295928681382396,-2.38487013772624,1.7281004100462176,-0.5263116289863711,0.5084420780103479,-0.28679659788701184,-1.9440218812583736,-7.559665700754281e-05,-0.4770018569798345,0.4972629960811811,-0.2857314335643473,-1.9961043290356715,-4.500747155655738e-05,0.0,0.0,0.0,False,False,0.0,0.0,0.0,False,False,0.5263116289863711,0.5084420780103479,0.28679659788701184,7.559665700754281e-05,1.9440218812583736,0.4770018569798345,0.4972629960811811,0.2857314335643473,4.500747155655738e-05,1.9961043290356715,-750.7415,860
501.0,0.0,501.0,501,501,501.0,0.0,501.0,501,501,-775.3728,158.99924,-775.9167,-1039.5076,-532.8721,-750.4444,187.24379,-736.807,-1066.0604,-488.49597,3927389,4594.313472986221,-1.5476502,0.34582642,-1.5365728,-2.280503,-0.8194684,-1.4978929,0.403169,-1.5180832,-2.2644715,-0.65755415,-0.10348383985477451,0.9473386185988416,6.227822776735947e-05,-2.393782526972068,1.7422170335581955,-0.13675378624331605,0.9381804860095125,-0.0009534496180073424,-2.4009540500516744,1.72867115517964,-0.6617280534061669,0.6327625198833209,-0.3470477142853772,-2.2492296582279176,-6.070727776075202e-05,-0.6469476577218987,0.6193019344750783,-0.328288751037512,-2.2265786052709418,-0.00020741645380338466,0.0,0.0,0.0,False,False,0.0,0.0,0.0,False,False,0.6617280534061669,0.6327625198833209,0.3470477142853772,6.070727776075202e-05,2.2492296582279176,0.6469476577218987,0.6193019344750783,0.328288751037512,0.00020741645380338466,2.2265786052709418,-750.7415,870
501.0,0.0,501.0,501,501,501.0,0.0,501.0,501,501,-701.5377,188.06953,-676.54736,-1079.8406,-337.6205,-736.35675,258.59198,-700.02295,-1274.8088,-418.90002,3972516,4643.462968587875,-1.4002749,0.40075666,-1.4341512,-2.3943377,-0.57754004,-1.4697741,0.5355174,-1.3912085,-2.7996383,-0.4397492,-0.09391548646713517,0.9664539358241537,-9.116551628898437e-05,-2.387316590083445,1.7436461707928255,-0.08557565296280405,0.9582308575336795,7.902986038333388e-05,-2.3818153273477582,1.8998643987224366,-0.6092970349207429,0.57955359641809,-0.374036689433916,-2.3845294222200524,-4.680252484248748e-06,-0.6179085855415334,0.658680898219944,-0.27365102279075026,-2.794796585891332,-3.903760610464435e-05,0.0,0.0,0.0,False,False,0.0,0.0,0.0,False,False,0.6092970349207429,0.57955359641809,0.374036689433916,4.680252484248748e-06,2.3845294222200524,0.6179085855415334,0.658680898219944,0.27365102279075026,3.903760610464435e-05,2.794796585891332,-750.7415,880
501.0,0.0,501.0,501,501,451.8,147.6,501.0,9,501,-670.731,133.29077,-602.55835,-912.2047,-539.7046,-664.7512,296.9594,-666.2514,-1033.4327,-3.3045373,4017606,4692.813603878021,-1.3387845,0.2913837,-1.1945624,-2.1453454,-0.7764505,-1.4713397,0.451517,-1.4560683,-2.2759843,-0.29650977,-0.09743341114305341,0.9594420652697639,-1.4403983519736065e-05,-2.37558227554152,1.7590839508220142,-0.08264306272580195,0.9601954753448491,4.67490358338522e-05,-2.3848409913726596,1.7521761695349887,-0.5948170794749702,0.5214806838080512,-0.3783628413275538,-2.0327793123363485,-6.16425075628535e-05,-0.6628201114425957,0.5918097384036242,-0.4897371402325835,-2.241472717358863,-7.956314917756391e-05,0.0,0.0,0.0,False,False,0.0002213368747233289,0.01487574820676986,0.0,False,True,0.5948170794749702,0.5214806838080512,0.3783628413275538,6.16425075628535e-05,2.0327793123363485,0.6628201114425957,0.5918097384036242,0.4897371402325835,7.956314917756391e-05,2.241472717358863,-750.7415,890
501.0,0.0,501.0,501,501,501.0,0.0,501.0,501,501,-713.3086,101.376656,-733.3252,-866.779,-517.7035,-714.70874,200.91809,-749.2942,-928.80444,-347.23468,4062712,4773.374063491821,-1.4237696,0.2435024,-1.4285042,-1.9868188,-0.67966515,-1.4265645,0.41388437,-1.4773843,-2.4191356,-0.5432468,-0.09723556929772294,0.9481202575469136,-0.0004737582594006729,-2.388587998922791,1.7449604507569454,-0.10171166862808587,0.9612408190210299,-0.0004213791743660853,-2.4045783129136997,1.7378600315287511,-0.617610351390732,0.5603824833890316,-0.3152782598205024,-1.9658283449913099,-1.672329571289488e-05,-0.6453802910631962,0.5647533479414883,-0.44032095966157964,-2.2724465582411675,-0.00041459824021627956,0.0,0.0,0.0,False,False,0.0,0.0,0.0,False,False,0.617610351390732,0.5603824833890316,0.3152782598205024,1.672329571289488e-05,1.9658283449913099,0.6453802910631962,0.5647533479414883,0.44032095966157964,0.00041459824021627956,2.2724465582411675,-750.7415,900
501.0,0.0,501.0,501,501,453.4,142.8,501.0,25,501,-685.41815,173.6681,-634.59106,-1016.7693,-421.9258,-639.1629,293.52814,-678.78735,-1084.6602,-15.790719,4107509,4822.635381937027,-1.3681002,0.37023142,-1.3306535,-2.2338674,-0.71741986,-1.4097109,0.4668628,-1.4409102,-2.570798,-0.29345578,-0.1001152381298599,0.9496856455369098,-0.00026006134606792943,-2.376566301471373,1.743569170983575,-0.0956658336019838,0.9399963513427462,-0.00046460852142079807,-2.384853298096972,1.7366191234712547,-0.6150751861656042,0.5396964831680009,-0.3741592556006406,-2.0964200418010304,-2.820799177502553e-05,-0.6298395580607569,0.5817078895301122,-0.3740635563110337,-2.514092375464919,-8.767891020061008e-05,0.0,0.0,0.0,False,False,0.00022055580061755624,0.014849483349812887,0.0,False,True,0.6150751861656042,0.5396964831680009,0.3741592556006406,2.820799177502553e-05,2.0964200418010304,0.6298395580607569,0.5817078895301122,0.3740635563110337,8.767891020061008e-05,2.514092375464919,-750.7415,910
501.0,0.0,501.0,501,501,453.4,142.8,501.0,25,501,-638.9513,142.67705,-624.5618,-912.03784,-447.3891,-582.20496,226.56172,-609.16833,-896.6079,-17.240622,4152649,4872.019832849503,-1.2753519,0.3224201,-1.2732209,-2.045452,-0.5597214,-1.2840867,0.3134211,-1.2761214,-2.0586903,-0.28812724,-0.1136294097771232,0.9373097890118364,-0.00010101866497016213,-2.3840041480036738,1.7621535271989166,-0.1023956953883887,0.9373429508584774,-0.00019659819931855459,-2.3859809769614175,1.7474810473977762,-0.5796126556844354,0.49078998880240704,-0.40265648888823014,-1.9379378556764473,-0.00025620868620503806,-0.5890962378038349,0.48511457247125356,-0.443170519968915,-2.0358330849553576,-9.47905995963838e-05,0.0,0.0,0.0,False,False,0.00022055580061755624,0.014849483349812887,0.0,False,True,0.5796126556844354,0.49078998880240704,0.40265648888823014,0.00025620868620503806,1.9379378556764473,0.5890962378038349,0.48511457247125356,0.443170519968915,9.47905995963838e-05,2.0358330849553576,-750.7415,920
501.0,0.0,501.0,501,501,501.0,0.0,501.0,501,501,-760.98157,188.03311,-767.9397,-1114.0603,-451.95526,-710.25525,183.00887,-750.9834,-1066.6007,-412.9637,4197790,4921.174955129623,-1.5189253,0.42288166,-1.5684639,-2.5745165,-0.5741697,-1.4176753,0.40124977,-1.4579258,-2.4417279,-0.5803813,-0.07772986951366308,0.9371988546204666,-0.00013093228834744195,-2.3808932026984255,1.724356695225739,-0.08449156475008804,0.9385238753776513,-0.0007103301607736111,-2.392696618472799,1.741184839760956,-0.6771615375068307,0.6083637906238445,-0.431759328006823,-2.5406584912126955,-0.00016845748422773116,-0.6417286239608944,0.5583778944348585,-0.466886122631748,-2.3080596568163623,-0.000137324149553808,0.0,0.0,0.0,False,False,0.0,0.0,0.0,False,False,0.6771615375068307,0.6083637906238445,0.431759328006823,0.00016845748422773116,2.5406584912126955,0.6417286239608944,0.5583778944348585,0.466886122631748,0.000137324149553808,2.3080596568163623,-750.7415,930
501.0,0.0,501.0,501,501,501.0,0.0,501.0,501,501,-721.1904,167.34088,-685.04535,-1029.405,-471.19946,-707.19666,141.7869,-737.2794,-948.6921,-465.4237,4242520,4969.865967750549,-1.4395019,0.36304632,-1.4103234,-2.4984398,-0.64110714,-1.4115702,0.31590214,-1.4284054,-2.1687708,-0.6890269,-0.096328507089602,0.9441234891077283,-0.00032464808429395037,-2.401124612029751,1.7894538814967922,-0.07645554403314334,0.9332172547217428,-0.00028609414978126685,-2.3759275186088744,1.7571214294119508,-0.6340106205060718,0.5767898913212907,-0.341045626723368,-2.3891845190489116,-2.986248975411776e-05,-0.6130209610815579,0.567139142086176,-0.32550768317552803,-2.1177467870294233,-2.4130713792397396e-05,0.0,0.0,0.0,False,False,0.0,0.0,0.0,False,False,0.6340106205060718,0.5767898913212907,0.341045626723368,2.986248975411776e-05,2.3891845190489116,0.6130209610815579,0.567139142086176,0.32550768317552803,2.4130713792397396e-05,2.1177467870294233,-750.7415,940
501.0,0.0,501.0,501,501,501.0,0.0,501.0,501,501,-703.0016,159.73439,-660.9238,-965.0206,-439.48514,-749.6912,227.72751,-768.4398,-1206.7097,-339.67386,4287682,5019.318971157074,-1.4031968,0.3713751,-1.4205877,-2.167797,-0.5925299,-1.4963896,0.49000683,-1.4497988,-2.6817563,-0.3815725,-0.06904705266973121,0.9381580490385016,8.44981821393496e-05,-2.3988980220328306,1.741829490660862,-0.062162710536149204,0.9417291069817885,-0.00019701975522374047,-2.3845621843866964,1.733524608177261,-0.634017173586812,0.5480107231754311,-0.5374213192690019,-2.116553948682968,-8.681477395733328e-05,-0.6665410020693898,0.6181849545929448,-0.39851380363811995,-2.6697437501237253,-0.0001936927055828097,0.0,0.0,0.0,False,False,0.0,0.0,0.0,False,False,0.634017173586812,0.5480107231754311,0.5374213192690019,8.681477395733328e-05,2.116553948682968,0.6665410020693898,0.6181849545929448,0.39851380363811995,0.0001936927055828097,2.6697437501237253,-750.7415,950
501.0,0.0,501.0,501,501,501.0,0.0,501.0,501,501,-665.3981,174.00137,-735.0387,-911.8778,-404.87488,-712.2679,237.55269,-630.9264,-1118.4279,-432.58868,4332848,5068.704643011093,-1.3281398,0.36722365,-1.4002864,-2.5800416,-0.4607572,-1.4216924,0.4936072,-1.2706808,-2.4607654,-0.5553575,-0.06201690193138903,0.9344722579221918,-0.00038191475086701225,-2.373457138518761,1.9786125022198766,-0.08484480465742585,0.9512625282599871,-0.00022993510287233225,-2.375545114758782,1.7722982144844845,-0.5874999064354814,0.5364513219984011,-0.3662902693202936,-2.5788610198768347,-0.0002680164475016844,-0.6092115945397757,0.6195269706850679,-0.3425175541259603,-2.4331554032105918,-2.739728506119532e-05,0.0,0.0,0.0,False,False,0.0,0.0,0.0,False,False,0.5874999064354814,0.5364513219984011,0.3662902693202936,0.0002680164475016844,2.5788610198768347,0.6092115945397757,0.6195269706850679,0.3425175541259603,2.739728506119532e-05,2.4331554032105918,-750.7415,960
501.0,0.0,501.0,501,501,501.0,0.0,501.0,501,501,-568.6762,148.92276,-539.9338,-840.36597,-354.12372,-599.3513,135.68755,-577.5216,-793.96375,-448.07074,4378154,5117.6939487457275,-1.1350821,0.33602008,-1.1286433,-2.0999033,-0.50349236,-1.19631,0.32940298,-1.1752244,-1.9383734,-0.42534664,-0.06250695452224513,0.9051610791108885,-0.00013190366524083274,-2.386754407052651,1.7391088378403132,-0.07287296214314219,0.920769282693611,-0.00021756520776066942,-2.384880733758462,1.743208892548516,-0.49811864919215987,0.4679581375699871,-0.2859542705953578,-2.082078364865448,-0.00017127070881457762,-0.5367479617090755,0.4744713098527025,-0.3215226178732169,-1.9137863861510573,-4.052339153259865e-05,0.0,0.0,0.0,False,False,0.0,0.0,0.0,False,False,0.49811864919215987,0.4679581375699871,0.2859542705953578,0.00017127070881457762,2.082078364865448,0.5367479617090755,0.4744713098527025,0.3215226178732169,4.052339153259865e-05,1.9137863861510573,-750.7415,970
501.0,0.0,501.0,501,501,501.0,0.0,501.0,501,501,-760.97614,145.43031,-811.5408,-984.8401,-427.3709,-714.7107,186.06825,-728.3525,-1024.7502,-444.7375,4422629,5166.60943031311,-1.5189143,0.3324446,-1.5483955,-2.2375891,-0.65215665,-1.4265683,0.41444162,-1.3855766,-2.406954,-0.468937,-0.07268913419595495,0.9349117731489235,-2.860839986069197e-05,-2.389125763712199,1.7351820682266732,-0.05047172858999299,0.9343415480897792,8.861728884411451e-06,-2.3899402606163305,1.7425493313598044,-0.6323903491453032,0.6371466449759238,-0.280573168852964,-2.230654284280181,-2.5505821807381146e-05,-0.6244180602509379,0.5879810902020866,-0.435980825001804,-2.36121196203183,-8.260615430800977e-05,0.0,0.0,0.0,False,False,0.0,0.0,0.0,False,False,0.6323903491453032,0.6371466449759238,0.280573168852964,2.5505821807381146e-05,2.230654284280181,0.6244180602509379,0.5879810902020866,0.435980825001804,8.260615430800977e-05,2.36121196203183,-750.7415,980
452.6,145.20000000000002,501.0,17,501,501.0,0.0,501.0,501,501,-608.61743,250.98856,-651.1561,-870.1821,-9.255631,-630.90094,129.75235,-617.86523,-932.3773,-500.60565,4467823,5215.9323942661285,-1.3447138,0.35943556,-1.4106243,-1.9544016,-0.2797785,-1.2592833,0.2870697,-1.2051015,-1.9436303,-0.751097,-0.08227510166257128,0.9422734736512218,-8.648421587406719e-05,-2.384983630744228,1.7673084039468137,-0.09710315833569282,0.9572988067980196,-0.00024955426107103364,-2.3943151432818466,1.749459904607608,-0.5992402093952509,0.535469383647748,-0.5402550217289648,-1.941484087041284,-9.29579281211817e-05,-0.5669263289871247,0.48441965517829993,-0.405412082571323,-1.9000030163434496,-2.078635605241852e-05,0.0002209456473707468,0.014862598372816737,0.0,False,True,0.0,0.0,0.0,False,False,0.5992402093952509,0.535469383647748,0.5402550217289648,9.29579281211817e-05,1.941484087041284,0.5669263289871247,0.48441965517829993,0.405412082571323,2.078635605241852e-05,1.9000030163434496,-750.7415,990
